State_Name,Assembly_No,Constituency_No,Year,month,Poll_No,DelimID,Position,Candidate,Sex,Party,Votes,Candidate_Type,Valid_Votes,Electors,district,Constituency_Type,Sub_Region,N_Cand,Turnout_Percentage,Vote_Share_Percentage,Deposit_Lost,Margin,Margin_Percentage,ENOP,pid,Party_Type_TCPD,Party_ID,last_poll,Contested,Last_Party,Last_Party_ID,Last_Constituency_Name,Same_Constituency,Same_Party,No_Terms,Turncoat,Incumbent,Recontest,MyNeta_education,TCPD_Prof_Main,TCPD_Prof_Main_Desc,TCPD_Prof_Second,TCPD_Prof_Second_Desc,Election_Type,total_light1996,total_light_cal1996,max_light1996,total_light1999,total_light_cal1999,max_light1999,total_light2004,total_light_cal2004,max_light2004,total_light2009,total_light_cal2009,max_light2009,total_light2013,total_light_cal2013,max_light2013,pc91_pca_tot_p,pc01_pca_tot_p,pc11_pca_tot_p,pc96_pca_tot_p,pc99_pca_tot_p,pc04_pca_tot_p,pc09_pca_tot_p,pc14_pca_tot_p,vote_share_diff,population,total_light_diff,max_light_diff,total_light_cal_diff,education,year_1996,year_1999,year_2004,year_2009,Andhra_Pradesh,Assam,Bihar,Chandigarh,Chhattisgarh,Goa,Gujarat,Haryana,Himachal_Pradesh,Jharkhand,Karnataka,Kerala,Lakshadweep,Madhya_Pradesh,Maharashtra,Odisha,Puducherry,Punjab,Rajasthan,Tamil_Nadu,Uttar_Pradesh,Uttarakhand,West_Bengal,dynast_wiki,dynast_pdf,dynast,dynast_2004,dynast_1999,transition
Andhra_Pradesh,15,1,2009,4,0,4,1,rathod ramesh,1,TDP,372268,ST,863581,1131211,adilabad,ST,NA,9,76.34,43.11,no,115087,13.33,3.33,AEAP12570,State-based Party,8300,TRUE,1,NA,NA,NA,NA,NA,1,FALSE,FALSE,FALSE,12th Pass,Other,NA,NA,NA,Lok Sabha Election (GE),50616,63717,7076,51285.5,63272,7457.5,50468,72557,7034,69396,90164,9536,97420,99022,12484,2047157,2445544,2701964,2246350.5,2365866.6,2522470,2650680,2823846.2166666687,13.329999999999998,2246350.5,0.3392022994143158,0.269373714085539,0.09371181334939749,6,0,0,0,1,1,0,0,0,0,0,0,0,0,0,0,0,0,0,0,0,0,0,0,0,0,0,0,0,1,1,0,0,1
Uttar_Pradesh,15,18,2009,4,0,4,1,dr. ramshankar,1,BJP,203697,SC,647090,1539683,agra,SC,DOAB,15,42.03,31.48,no,9715,1.5,3.85,GEUP11688,National Party,1605,TRUE,1,NA,NA,NA,NA,NA,1,FALSE,FALSE,FALSE,Doctorate,Other,NA,NA,NA,Lok Sabha Election (GE),31050,37825,6173,30530.5,36658,5757,35946.5,46142,6711.5,52273,59954,10118,65649,53308,13079,2735081,3599289,4395084,3167185,3426447.4,3838027.5,4235925,4655486.616666675,1.5,3167185,0.227842382963658,0.25669187463727106,-0.11749118779876966,10,0,0,0,1,0,0,0,0,0,0,0,0,0,0,0,0,0,0,0,0,0,0,0,0,1,0,0,0,0,0,0,0,0
Uttarakhand,15,3,2009,4,0,4,1,pradeep tamta,1,INC,200824,SC,480757,1057379,almora,SC,NA,10,45.47,41.77,no,6950,1.45,2.94,GEUK13752,National Party,3482,TRUE,1,NA,NA,NA,NA,NA,1,FALSE,FALSE,FALSE,Post Graduate,Other,NA,NA,NA,Lok Sabha Election (GE),2460,3069,1775,3208,4195,2221.5,6309,9412,4206.5,4974,8097,3341,13581,14656,8650,524136,544065,537286,534100.5,540079.2,542031.3,538641.8,543709.8333333334,1.4400000000000048,534100.5,1.004447411740717,0.9512891575691675,0.5933561852277975,9,0,0,0,1,0,0,0,0,0,0,0,0,0,0,0,0,0,0,0,0,0,0,0,0,0,1,0,0,0,0,0,0,0
Haryana,15,1,2009,4,0,4,1,selja,0,INC,322258,SC,866622,1264907,ambala,SC,NA,7,68.51,37.19,no,14570,1.68,3.12,GEHR75765,National Party,3482,TRUE,6,INC,3482,AMBALA,TRUE,TRUE,4,FALSE,TRUE,TRUE,Post Graduate,Other,NA,NA,NA,Lok Sabha Election (GE),27566,34581,6038,26702,32382,5736.5,27498.5,35196.5,5958,37815,42392,8329,41070,31618,9162,792600,992884,1095736,892742,952827.2,1023739.6,1075165.6,1157445.0666666701,1.6899999999999977,892742,0.08257207866047445,0.09532109451134829,-0.29323308651646585,9,0,0,0,1,0,0,0,0,0,0,0,1,0,0,0,0,0,0,0,0,0,0,0,0,0,0,0,0,0,0,0,0,0
Maharashtra,15,7,2009,4,0,4,1,adsul anandrao vithoba,1,SHS,314286,SC,732492,1423855,amravati,SC,NA,22,51.44,42.91,no,61716,8.43,3.23,GEMH81305,State-based Party,18691,TRUE,5,SHS,18691,BULDHANA,FALSE,TRUE,4,FALSE,TRUE,TRUE,Graduate,Other,NA,NA,NA,Lok Sabha Election (GE),50130,62638,8002,50228,61736.5,8038.5,45445,62645.5,7101.5,35611,47893,6135,65828,64966,10397,2189287,2590876,2875116,2390081.5,2510558.2,2676148,2818268,2997548.516666673,8.43,2390081.5,0.6143907008383049,0.5275072248329593,0.30489470016945575,7,0,0,0,1,0,0,0,0,0,0,0,0,0,0,0,0,0,0,1,0,0,0,0,0,0,0,0,0,0,0,0,0,0
Gujarat,15,14,2009,4,0,4,1,kachhadia naranbhai,1,BJP,247666,GEN,524621,1312733,amreli,GEN,NA,16,39.96,47.21,no,37317,7.11,2.63,GEGJ3029,National Party,1605,TRUE,1,NA,NA,NA,NA,NA,1,FALSE,FALSE,FALSE,5th Pass,Other,NA,NA,NA,Lok Sabha Election (GE),45667,57250,3832,52838,64772,4456,37686.5,52233,3023,41297,50998,3495,52670,51100,4383,1298146,1387094,1502911,1342620,1369304.4,1421839.1,1479747.6,1529147.583333332,7.109999999999999,1342620,0.24325617539184918,0.2264000457508999,0.001998080940563085,3,0,0,0,1,0,0,0,0,0,0,1,0,0,0,0,0,0,0,0,0,0,0,0,0,0,0,0,0,0,0,0,0,0
Andhra_Pradesh,15,36,2009,4,0,4,1,anantha venkata rami reddy,1,INC,457876,GEN,1000208,1411460,anantapur,GEN,NA,12,70.86,45.78,no,77921,7.79,2.78,AEAP818397,National Party,3482,TRUE,5,INC,3482,ANANTAPUR,TRUE,TRUE,4,FALSE,TRUE,TRUE,Post Graduate,Other,NA,NA,NA,Lok Sabha Election (GE),72020,89953,5242,82589.5,104186.5,5576,76145.5,106850,4884.5,103669,128008,6821,128943,126804,8817,3167707,3631138,4052970,3399422.5,3538451.8,3757687.6,3968603.6,4192692.6166666746,7.789999999999999,3399422.5,0.21816731495104769,0.2566755874323068,-0.009450174719679794,9,0,0,0,1,1,0,0,0,0,0,0,0,0,0,0,0,0,0,0,0,0,0,0,0,0,0,0,0,0,0,0,0,0
Bihar,15,9,2009,4,0,4,1,pradeep kumar singh,1,BJP,282742,GEN,730456,1311225,araria,GEN,NA,25,55.71,38.71,no,22502,3.08,3.57,GEBR73703,National Party,1605,TRUE,3,IND,10809,PRATAPGARH,FALSE,FALSE,1,FALSE,FALSE,TRUE,10th Pass,Other,NA,NA,NA,Lok Sabha Election (GE),1492,1886,364,1299,1645.5,321.5,1826.5,4117.5,470,4538,8293,1087,6117,11132,1581,1595555,2134031,2777324,1864793,2026335.8,2327018.9,2648665.4,2937119.850000009,3.0799999999999983,1864793,0.29858539390277805,0.3746359500882628,0.2944120581945775,5,0,0,0,1,0,0,1,0,0,0,0,0,0,0,0,0,0,0,0,0,0,0,0,0,0,0,0,1,0,1,0,0,1
Bihar,15,37,2009,4,0,4,1,sushil kumar singh,1,JD(U),260153,GEN,598309,1376323,aurangabad,GEN,NA,16,43.47,43.48,no,72058,12.04,3.23,GEBR52497,State-based Party,11002,TRUE,5,JD(U),11002,AURANGABAD,TRUE,TRUE,2,FALSE,FALSE,TRUE,Post Graduate,Other,NA,NA,NA,Lok Sabha Election (GE),67199,83591,9084,70647,85608.5,9344.5,65445.5,89877,8932.5,58262,76108,8214,71922,78860,11873,3671222,4809493,6105778,4240357.5,4581838.8,5198378.5,5846521,6444625.733333349,12.039999999999996,4240357.5,0.2106321186403708,0.36842689914928783,0.03552074427132723,9,0,0,0,1,0,0,1,0,0,0,0,0,0,0,0,0,0,0,0,0,0,0,0,0,0,0,0,0,0,0,0,0,0
Bihar,15,37,2009,4,0,4,1,sushil kumar singh,1,JD(U),260153,GEN,598309,1376323,aurangabad,GEN,NA,16,43.47,43.48,no,72058,12.04,3.23,GEBR52497,State-based Party,11002,TRUE,5,JD(U),11002,AURANGABAD,TRUE,TRUE,2,FALSE,FALSE,TRUE,Post Graduate,Other,NA,NA,NA,Lok Sabha Election (GE),67199,83591,9084,70647,85608.5,9344.5,65445.5,89877,8932.5,58262,76108,8214,71922,78860,11873,3671222,4809493,6105778,4240357.5,4581838.8,5198378.5,5846521,6444625.733333349,4.52,4240357.5,0.2106321186403708,0.36842689914928783,0.03552074427132723,9,0,0,0,1,0,0,1,0,0,0,0,0,0,0,0,0,0,0,0,0,0,0,0,0,0,0,0,0,0,0,0,0,0
Maharashtra,15,19,2009,4,0,4,1,chandrakant khaire,1,SHS,255896,GEN,731147,1417964,aurangabad,GEN,NA,22,51.56,35,no,33014,4.52,4,GEMH70725,State-based Party,18691,TRUE,3,SHS,18691,AURANGABAD,TRUE,TRUE,3,FALSE,TRUE,TRUE,12th Pass,Other,NA,NA,NA,Lok Sabha Election (GE),67199,83591,9084,70647,85608.5,9344.5,65445.5,89877,8932.5,58262,76108,8214,71922,78860,11873,3671222,4809493,6105778,4240357.5,4581838.8,5198378.5,5846521,6444625.733333349,12.039999999999996,4240357.5,0.2106321186403708,0.36842689914928783,0.03552074427132723,6,0,0,0,1,0,0,0,0,0,0,0,0,0,0,0,0,0,0,1,0,0,0,0,0,0,0,0,0,0,0,0,0,0
Maharashtra,15,19,2009,4,0,4,1,chandrakant khaire,1,SHS,255896,GEN,731147,1417964,aurangabad,GEN,NA,22,51.56,35,no,33014,4.52,4,GEMH70725,State-based Party,18691,TRUE,3,SHS,18691,AURANGABAD,TRUE,TRUE,3,FALSE,TRUE,TRUE,12th Pass,Other,NA,NA,NA,Lok Sabha Election (GE),67199,83591,9084,70647,85608.5,9344.5,65445.5,89877,8932.5,58262,76108,8214,71922,78860,11873,3671222,4809493,6105778,4240357.5,4581838.8,5198378.5,5846521,6444625.733333349,4.52,4240357.5,0.2106321186403708,0.36842689914928783,0.03552074427132723,6,0,0,0,1,0,0,0,0,0,0,0,0,0,0,0,0,0,0,1,0,0,0,0,0,0,0,0,0,0,0,0,0,0
Uttar_Pradesh,15,48,2009,4,0,4,1,r. k. singh patel,1,SP,240948,GEN,619218,1386265,banda,GEN,BUNDELKHAND,15,44.67,38.91,no,34593,5.59,3.57,AEUP104757,State-based Party,7425,TRUE,2,BSP,16651,ALLAHABAD,FALSE,FALSE,1,TRUE,FALSE,TRUE,Graduate,Other,NA,NA,NA,Lok Sabha Election (GE),5102,6447,1035,4989.5,6304,1013.5,6084.5,10722.5,1161,3395,9111,593,8094,16340,1588,1234729,1497778,1794247,1366253.5,1445168.2,1586718.7,1734953.2,1872604.6999999955,5.579999999999998,1366253.5,0.8688192854430152,0.9850362428093549,0.5841336147001357,7,0,0,0,1,0,0,0,0,0,0,0,0,0,0,0,0,0,0,0,0,0,0,0,0,1,0,0,0,1,1,0,0,1
West_Bengal,15,36,2009,4,0,4,1,acharia basudeb,1,CPM,469223,GEN,984604,1268563,bankura,GEN,NA,11,77.62,47.66,no,107802,10.95,2.78,GEWB29271,National Party,14635,TRUE,9,CPM,14635,BANKURA,TRUE,TRUE,9,FALSE,TRUE,TRUE,Post Graduate,Other,NA,NA,NA,Lok Sabha Election (GE),28533,36225,11853,26044,32070,10971,27253.5,38848,11463,32525,42027,14161,39157,42015,16964,2685419,3053616,3439220,2869517.5,2979976.6,3169297.2,3362099.2,3549388.9833333194,10.949999999999996,2869517.5,0.18557018154466398,0.1806017443714225,-2.8557150190522407e-4,9,0,0,0,1,0,0,0,0,0,0,0,0,0,0,0,0,0,0,0,0,0,0,0,0,0,0,1,0,0,0,0,0,0
Uttar_Pradesh,15,25,2009,4,0,4,1,praveen singh aron,1,INC,220976,GEN,705734,1401423,bareilly,GEN,RUHELKHAND,8,50.36,31.31,no,9338,1.32,3.7,AEUP112718,National Party,3482,TRUE,3,INC,3482,BAREILLY,TRUE,TRUE,1,FALSE,FALSE,TRUE,Graduate Professional,Other,NA,NA,NA,Lok Sabha Election (GE),20079,25032,6596,14582.5,17851.5,4337.5,15884.5,22179,4751.5,18823,24674,5646,25413,26710,8086,2777138,3540030,4353169,3158584,3387451.6,3783971.7,4190541.2,4581199.150000006,1.3200000000000003,3158584,0.3001813277754817,0.35918684138728274,0.07928796947259542,8,0,0,0,1,0,0,0,0,0,0,0,0,0,0,0,0,0,0,0,0,0,0,0,0,1,0,0,0,0,0,0,0,0
Rajasthan,15,17,2009,4,0,4,1,harish choudhary,1,INC,416497,GEN,785199,1441456,barmer,GEN,NA,7,54.47,53.04,no,119106,15.17,2.38,GERJ9422,National Party,3482,TRUE,1,NA,NA,NA,NA,NA,1,FALSE,FALSE,FALSE,Graduate,Other,NA,NA,NA,Lok Sabha Election (GE),16448,20697,1871,21894.5,26784,2316.5,20584.5,42467,2108.5,25019,58579,2793,37451,89691,4204,1430435,1791962,2371583,1611198.5,1719656.6,1965848.3,2255658.8,2476406.200000003,15.170000000000002,1611198.5,0.4033978756619785,0.40892016605166415,0.4259941590014549,7,0,0,0,1,0,0,0,0,0,0,0,0,0,0,0,0,0,0,0,0,0,0,1,0,0,0,0,1,1,1,0,0,1
Assam,15,6,2009,4,0,4,1,ismail hussain,1,INC,322137,GEN,901169,1239607,barpeta,GEN,NA,14,72.7,35.75,no,30429,3.38,3.45,GEAS23863,National Party,3482,TRUE,3,INC,3482,BARPETA,TRUE,TRUE,2,FALSE,FALSE,FALSE,Post Graduate,Other,NA,NA,NA,Lok Sabha Election (GE),3726,4700,1534,2541.5,3273,1110,2446.5,4323,1004.5,3169,5705,1312,3876,7442,1635,1118856,1363827,1651956,1241341.5,1314832.8,1450265.7,1594330.2,1724728,3.3800000000000026,1241341.5,0.20138761331973676,0.2200901138273199,0.2657966466103918,9,0,0,0,1,0,1,0,0,0,0,0,0,0,0,0,0,0,0,0,0,0,0,0,0,0,0,0,0,0,0,0,0,0
Uttar_Pradesh,15,61,2009,4,0,4,1,arvind kumar chaudhary,1,BSP,268666,GEN,773779,1570657,basti,GEN,NORTH-EAST,16,49.26,34.72,no,105210,13.6,4.76,GEUP13023,State-based Party,16651,TRUE,1,NA,NA,NA,NA,NA,1,FALSE,FALSE,FALSE,12th Pass,Other,NA,NA,NA,Lok Sabha Election (GE),7223,9081,5169,6953.5,9040.5,4914.5,6447.5,10011,4520.5,9665,13282,6885,10014,13189,7147,1396696,1728955,2043126,1562825.5,1662503.2,1823206.3,1980291.8,2143105.166666664,13.599999999999998,1562825.5,0.035473001247460445,0.03734755605722384,-0.00702658627477426,6,0,0,0,1,0,0,0,0,0,0,0,0,0,0,0,0,0,0,0,0,0,0,0,0,1,0,0,0,1,1,0,0,1
Karnataka,15,2,2009,4,0,4,1,angadi suresh channabasappa,1,BJP,384324,GEN,754561,1378238,belgaum,GEN,NA,10,54.75,50.93,no,118687,15.73,2.56,GEKA16562,National Party,1605,TRUE,2,BJP,1605,BELGAUM,TRUE,TRUE,2,FALSE,TRUE,TRUE,Graduate Professional,Other,NA,NA,NA,Lok Sabha Election (GE),59571,74989,6401,73319.5,90492,7381.5,63659.5,87543.5,6203.5,90528,109796,9394,115561,104706,11292,3487104,3919486,4437160,3703295,3833009.6,4074788.2,4333625.2,4565453.066666663,15.729999999999997,3703295,0.24413933395476128,0.18402332278643918,-0.047467675714562674,8,0,0,0,1,0,0,0,0,0,0,0,0,0,0,1,0,0,0,0,0,0,0,0,0,0,0,0,0,0,0,0,0,0
Madhya_Pradesh,15,29,2009,4,0,4,1,jyoti dhurve,0,BJP,334939,ST,636555,1286761,betul,ST,NA,16,49.47,52.62,no,97317,15.29,2.38,GEMP6698,National Party,1605,TRUE,1,NA,NA,NA,NA,NA,1,FALSE,FALSE,FALSE,Post Graduate,Other,NA,NA,NA,Lok Sabha Election (GE),16174,20325,3523,12672.5,15975,2935,10274,18266,2351.5,6027,16534,1459,18072,31989,4087,1152132,1359282,1532152,1255707,1317852,1411143,1497578,1594868.3333333358,15.29,1255707,1.0981144046647948,1.0300599350414918,0.6599732268736673,9,0,0,0,1,0,0,0,0,0,0,0,0,0,0,0,0,0,1,0,0,0,0,0,0,0,0,0,0,1,1,0,0,1
Odisha,15,7,2009,4,0,4,1,arjun charan sethi,1,BJD,416808,SC,929162,1372356,bhadrak,SC,NA,6,67.71,44.86,no,54938,5.91,2.7,GEOD21074,State-based Party,9079,TRUE,8,BJD,9079,BHADRAK,TRUE,TRUE,7,FALSE,TRUE,TRUE,Post Graduate,Other,NA,NA,NA,Lok Sabha Election (GE),3534,4517,1320,5760.5,6891,2184,6794,10210,2602.5,6956,10101,2696,11162,13089,4236,1026380,1225640,1394159,1126010,1185788,1276195.7,1360455.2,1454449.3500000015,5.909999999999997,1126010,0.47291055587420416,0.4518502346890987,0.25913775396253413,9,0,0,0,1,0,0,0,0,0,0,0,0,0,0,0,0,0,0,0,1,0,0,0,0,0,0,0,0,0,0,0,0,0
Gujarat,15,15,2009,4,0,4,1,rajendrasinh ghanshyamsinh rana (rajubhai rana),1,BJP,213376,GEN,623301,1381619,bhavnagar,GEN,NA,16,45.11,34.23,no,5893,0.95,3.45,GEGJ63506,National Party,1605,TRUE,5,BJP,1605,BHAVNAGAR,TRUE,TRUE,5,FALSE,TRUE,TRUE,Graduate Professional,Other,NA,NA,NA,Lok Sabha Election (GE),56083,70141,5649,64614,78730.5,6484,49038.5,66318.5,4743,55024,66326,5476,72122,66144,7411,2058395,2455844,2865587,2257119.5,2376354.2,2578766.9,2783638.4,2984616.799999997,0.9399999999999977,2257119.5,0.2705896758192079,0.30259047554301866,-0.0027477936817987825,8,0,0,0,1,0,0,0,0,0,0,1,0,0,0,0,0,0,0,0,0,0,0,0,0,0,0,0,0,0,0,0,0,0
Karnataka,15,7,2009,4,0,4,1,n.dharam singh,1,INC,337957,GEN,779241,1470507,bidar,GEN,NA,27,52.99,43.37,no,39619,5.08,2.94,AEKA127739,National Party,3482,TRUE,2,INC(I),3482,GULBARGA,FALSE,TRUE,2,FALSE,FALSE,FALSE,Post Graduate,Other,NA,NA,NA,Lok Sabha Election (GE),23604,29614,3002,28474.5,35457,3414.5,24408.5,33946,2926.5,30287,37167,3685,43631,40434,5062,1089997,1290365,1446394,1190181,1250291.4,1337173.7,1415188.2,1507243.3833333403,5.079999999999998,1190181,0.3650493293362356,0.31749113648163174,0.08424974439042465,9,0,0,0,1,0,0,0,0,0,0,0,0,0,0,1,0,0,0,0,0,0,0,0,0,0,0,0,0,0,0,0,0,0
Karnataka,15,4,2009,4,0,4,1,ramesh chandappa jigajinagi,1,BJP,308939,SC,649631,1373604,bijapur,SC,NA,10,47.29,47.56,no,42404,6.53,2.5,AEKA3535,National Party,1605,TRUE,4,BJP,1605,CHIKKODI,FALSE,TRUE,4,FALSE,TRUE,TRUE,Graduate,Other,NA,NA,NA,Lok Sabha Election (GE),31595,39901,2677,41115,51418.5,3109,36878.5,57898.5,2740,40824,62821,3320,71901,87535,5347,1716412,2009888,2368067,1863150,1951192.8,2117341.7,2296431.2,2455031.416666664,6.530000000000001,1863150,0.566020029074453,0.476570873038197,0.33174930090379817,7,0,0,0,1,0,0,0,0,0,0,0,0,0,0,1,0,0,0,0,0,0,0,0,0,0,0,0,0,0,0,0,0,0
Uttar_Pradesh,15,4,2009,4,0,4,1,sanjay singh chauhan,1,RLD,244587,GEN,707590,1287070,bijnor,GEN,RUHELKHAND,23,54.98,34.57,no,28430,4.02,4.17,GEUP11291,State-based Party,12169,TRUE,1,NA,NA,NA,NA,NA,1,FALSE,FALSE,FALSE,Graduate Professional,Other,NA,NA,NA,Lok Sabha Election (GE),19196,24163,9459,9750.5,12369,4825,9767,14753.5,4848.5,11916,16857,6029,15913,19532,7959,2301324,2929725,3440730,2615524.5,2804044.8,3083026.5,3338529,3631206.899999991,4.02,2615524.5,0.28925435037701064,0.27772220431644357,0.1472881454012427,8,0,0,0,1,0,0,0,0,0,0,0,0,0,0,0,0,0,0,0,0,0,0,0,0,1,0,0,1,1,1,0,0,1
Chhattisgarh,15,5,2009,4,0,4,1,dilip singh judev,1,BJP,347930,GEN,770024,1472793,bilaspur,GEN,NA,28,52.28,45.18,no,20139,2.62,2.63,GECG0000080,National Party,1605,TRUE,2,BJP,1605,JANJGIR,FALSE,TRUE,2,FALSE,FALSE,FALSE,NA,NA,NA,NA,NA,Lok Sabha Election (GE),24049,30031,7779,20199,24192,6763,37471.5,51813,11037,51388,62691,14890,86282,75620,23637,566686,2182463,2835318,1374574.5,1859307.6,2378319.5,2704747,3336099.799999982,2.6099999999999994,1374574.5,0.518216319426001,0.4621234342357443,0.18750290179671758,NA,0,0,0,1,0,0,0,0,1,0,0,0,0,0,0,0,0,0,0,0,0,0,0,0,0,0,0,0,1,1,0,0,1
West_Bengal,15,42,2009,4,0,4,1,satabdi roy,0,AITC,486553,GEN,1017493,1221893,birbhum,GEN,NA,7,83.27,47.82,no,61519,6.05,2.5,GEWB14716,State-based Party,18228,TRUE,1,NA,NA,NA,NA,NA,1,FALSE,FALSE,FALSE,12th Pass,Other,NA,NA,NA,Lok Sabha Election (GE),23234,29389,9788,21797,27069,9447,23096,31944.5,9589,21882,28067,9673,36716,34418,15504,2383948,2808089,3261448,2596018.5,2723260.8,2944096.7,3170776.2,3388203.3333333284,6.049999999999997,2596018.5,0.5175482463022458,0.471759555948001,0.20398517434851193,6,0,0,0,1,0,0,0,0,0,0,0,0,0,0,0,0,0,0,0,0,0,0,0,0,0,0,1,0,0,0,0,0,0
Bihar,15,33,2009,4,0,4,1,jagada nand singh,1,RJD,132614,GEN,623615,1340892,buxar,GEN,NA,22,46.51,21.27,no,2238,0.36,5.88,GEBR2029,State-based Party,12103,TRUE,1,NA,NA,NA,NA,NA,1,FALSE,FALSE,FALSE,Graduate Professional,Other,NA,NA,NA,Lok Sabha Election (GE),1323,1668,534,1507,1842.5,626,1616.5,3038.5,673,1812,3741,777,3898,6307,1627,1018580,1311882,1589007,1165231,1253221.6,1395019.5,1533582,1677267.2166666687,0.35999999999999943,1165231,0.7660323934645819,0.7390527568513905,0.5223071723155055,8,0,0,0,1,0,0,1,0,0,0,0,0,0,0,0,0,0,0,0,0,0,0,0,0,0,0,0,0,0,0,0,0,0
Karnataka,15,22,2009,4,0,4,1,r.dhruvanarayana,1,INC,369970,SC,973693,1433825,chamarajanagar,SC,NA,14,67.91,38,no,4002,0.41,3.45,GEKA5258,National Party,3482,TRUE,1,NA,NA,NA,NA,NA,1,FALSE,FALSE,FALSE,Post Graduate,Other,NA,NA,NA,Lok Sabha Election (GE),12209,15273,2053,14494,17843,2300,16059,22337,2328.5,18962,23778,2838,23895,23948,3665,867418,955510,1011452,911464,937891.6,972292.6,1000263.6,1038415.4333333336,0.4099999999999966,911464,0.2312322555343549,0.25572875660076466,0.007124029626753625,9,0,0,0,1,0,0,0,0,0,0,0,0,0,0,1,0,0,0,0,0,0,0,0,0,0,0,0,0,0,0,0,0,0
Chandigarh,15,1,2009,4,0,4,1,pawan kumar bansal,1,INC,161042,GEN,343557,524444,chandigarh,GEN,NA,14,65.51,46.87,no,58967,17.16,2.94,GECH46335,National Party,3482,TRUE,6,INC,3482,CHANDIGARH,TRUE,TRUE,4,FALSE,TRUE,TRUE,Graduate Professional,Other,NA,NA,NA,Lok Sabha Election (GE),7963,8672,63,8574.5,8980,63,8406,8912.5,63,8683,8908,63,9218,6161,63,642015,900635,1055450,771325,848911,947079.5,1024487,1134766.0833333358,17.159999999999997,771325,0.059791003219809014,0,-0.368710647362688,8,0,0,0,1,0,0,0,1,0,0,0,0,0,0,0,0,0,0,0,0,0,0,0,0,0,0,0,0,0,0,0,0,0
Maharashtra,15,13,2009,4,0,4,1,ahir hansaraj gangaram,1,BJP,301467,GEN,898515,1536352,chandrapur,GEN,NA,23,58.48,33.55,no,32495,3.62,4.17,GEMH57616,National Party,1605,TRUE,5,BJP,1605,CHANDRAPUR,TRUE,TRUE,3,FALSE,TRUE,TRUE,10th Pass,Other,NA,NA,NA,Lok Sabha Election (GE),34055,42497,6628,36508,44391.5,7069.5,32666,45842.5,6190,34673,45264,6682,55247,54164,10179,1742717,2054953,2181819,1898835,1992505.8,2093012.8,2156445.8,2278579.3000000045,3.609999999999996,1898835,0.46585275418635597,0.42090943053563734,0.1795044665613652,5,0,0,0,1,0,0,0,0,0,0,0,0,0,0,0,0,0,0,1,0,0,0,0,0,0,0,0,0,0,0,0,0,0
Karnataka,15,18,2009,4,0,4,1,janardhana swamy,1,BJP,370920,SC,835945,1534169,chitradurga,SC,NA,11,54.49,44.37,no,135571,16.22,3.23,AEKA412,National Party,1605,TRUE,2,IND,10809,BANGALORE NORTH,FALSE,FALSE,1,FALSE,FALSE,FALSE,Post Graduate,Other,NA,NA,NA,Lok Sabha Election (GE),24804,30984,3670,28088.5,35058,4065,33018.5,46395,4172.5,42209,52163,5721,49038,49569,6890,1306686,1502553,1636842,1404619.5,1463379.6,1542839.7,1609984.2,1696628.4000000022,16.22,1404619.5,0.1499620393167458,0.18592746973917507,-0.05100779296491531,9,0,0,0,1,0,0,0,0,0,0,0,0,0,0,1,0,0,0,0,0,0,0,0,0,0,0,0,0,0,0,0,0,0
Andhra_Pradesh,15,42,2009,4,0,4,1,naramalli sivaprasad,1,TDP,434376,SC,1044438,1291921,chittoor,SC,NA,7,80.84,41.59,no,10659,1.02,2.86,GEAP818700,State-based Party,8300,TRUE,1,NA,NA,NA,NA,NA,1,FALSE,FALSE,FALSE,Graduate Professional,Other,NA,NA,NA,Lok Sabha Election (GE),67992,85445,9629,71311,88818.5,10042,63445,86094.5,8621,82501,99013,11635,114321,101194,16151,2984104,3380205,3704430,3182154.5,3300984.8,3477472.5,3639585,3824458.2333333194,1.0200000000000031,3182154.5,0.3261998664798451,0.32796417050212057,0.021788311913091718,8,0,0,0,1,1,0,0,0,0,0,0,0,0,0,0,0,0,0,0,0,0,0,0,0,0,0,0,0,0,0,0,0,0
Madhya_Pradesh,15,7,2009,4,0,4,1,shivraj bhaiya,1,BJP,302673,GEN,599124,1357985,damoh,GEN,NA,21,44.12,50.52,no,70877,11.83,2.44,AEMP8676,National Party,1605,TRUE,1,NA,NA,NA,NA,NA,1,FALSE,FALSE,FALSE,12th Pass,Other,NA,NA,NA,Lok Sabha Election (GE),19541,24489,4388,13267.5,16471,3259,9393,15778.5,2319.5,6835,14236,1714,26064,30906,5838,886047,1069325,1245656,977686,1032669.4,1122224.3,1210389.8,1300755.1833333373,11.830000000000005,977686,1.3384985816837762,1.225558452256334,0.775176372163557,6,0,0,0,1,0,0,0,0,0,0,0,0,0,0,0,0,0,1,0,0,0,0,0,0,0,0,0,0,0,0,0,0,0
Uttar_Pradesh,15,66,2009,4,0,4,1,gorakh prasad jaiswal,1,BSP,219889,GEN,715523,1580745,deoria,GEN,NORTH-EAST,12,45.26,30.73,no,41779,5.84,4.76,GEUP13171,State-based Party,16651,TRUE,1,NA,NA,NA,NA,NA,1,FALSE,FALSE,FALSE,10th Pass,Other,NA,NA,NA,Lok Sabha Election (GE),11755,14751,6495,3574.5,4504,1925,3308.5,5798.5,1838,3981,7277,2222,13640,14999,7777,1967317,2437233,2789567,2202275,2343249.8,2542933.2,2719100.2,2932501.5,5.84,2202275,1.2314736083971365,1.2527629684953672,0.7232648428482733,5,0,0,0,1,0,0,0,0,0,0,0,0,0,0,0,0,0,0,0,0,0,0,0,0,1,0,0,0,0,0,0,0,0
Jharkhand,15,7,2009,4,0,4,1,pashupati nath singh,1,BJP,260521,GEN,813483,1806475,dhanbad,GEN,NA,32,45.03,32.03,no,58047,7.14,5,AEBR24517,National Party,1605,TRUE,1,NA,NA,NA,NA,NA,1,FALSE,FALSE,FALSE,Graduate,Other,NA,NA,NA,Lok Sabha Election (GE),29152,35892,9100,24703,29668.5,7632.5,22972,29907.5,6854.5,29115,33313,9132,37959,29680,12629,1116025,1392288,2548936,1254156.5,1337035.4,1739282.4,2317606.4,2617141.8166666627,7.140000000000001,1254156.5,0.26525312458615424,0.3242110279964834,-0.11547429289510625,7,0,0,0,1,0,0,0,0,0,0,0,0,0,1,0,0,0,0,0,0,0,0,0,0,0,0,0,0,0,0,0,0,0
Tamil_Nadu,15,10,2009,4,0,4,1,thamaraiselvan. r,1,DMK,365812,GEN,778102,1069601,dharmapuri,GEN,NA,21,72.75,47.01,no,135942,17.47,3.03,GETN10048,State-based Party,10192,TRUE,1,NA,NA,NA,NA,NA,1,FALSE,FALSE,FALSE,Graduate Professional,Other,NA,NA,NA,Lok Sabha Election (GE),15551,19525,2544,18860.5,23370.5,2974.5,17405.5,23614.5,2591.5,24691,29637,3658,28308,25705,4168,1042460,1224971,1431745,1133715.5,1188468.8,1287003.2,1390390.2,1486093.9166666642,17.47,1133715.5,0.13670564544901964,0.13051975448239084,-0.1423380552229787,8,0,0,0,1,0,0,0,0,0,0,0,0,0,0,0,0,0,0,0,0,0,0,0,1,0,0,0,0,0,0,0,0,0
Assam,15,4,2009,4,0,4,1,badruddin ajmal,1,AUDF,540820,GEN,1046983,1371949,dhubri,GEN,NA,10,76.31,51.66,no,184419,17.61,2.5,GEAS5195852,State-based Party,988,TRUE,1,NA,NA,NA,NA,NA,1,FALSE,FALSE,FALSE,Literate,Other,NA,NA,NA,Lok Sabha Election (GE),1748,2208,806,1425,1886,659.5,1604.5,3149.5,757.5,1825,4094,879,2479,6074,1218,1074308,1320866,1637833,1197587,1271554.4,1415956.1,1574439.6,1710626.9166666642,17.619999999999997,1197587,0.30627526601859856,0.3261805505846658,0.3944948793844585,2,0,0,0,1,0,1,0,0,0,0,0,0,0,0,0,0,0,0,0,0,0,0,0,0,0,0,0,0,1,1,0,0,1
Maharashtra,15,2,2009,4,0,4,1,sonawane pratap narayanrao,1,BJP,263260,GEN,669906,1575225,dhule,GEN,NA,15,42.53,39.3,no,19419,2.9,3.33,GEMH6730,National Party,1605,TRUE,1,NA,NA,NA,NA,NA,1,FALSE,FALSE,FALSE,Graduate Professional,Other,NA,NA,NA,Lok Sabha Election (GE),38451,48070,4516,35675.5,43472.5,4281.5,30546.5,42953.5,3661,27003,36305,3365,29265,36391,4317,1469465,1697046,2034692,1583255.5,1651529.8,1798339.8,1967162.8,2101131.8833333403,2.8999999999999986,1583255.5,0.08044429180012713,0.24913275347664943,0.0023660184912319693,8,0,0,0,1,0,0,0,0,0,0,0,0,0,0,0,0,0,0,1,0,0,0,0,0,0,0,0,0,0,0,0,0,0
Assam,15,13,2009,4,0,4,1,paban singh ghatowar,1,INC,359163,GEN,750274,1114965,dibrugarh,GEN,NA,10,67.29,47.87,no,35143,4.68,2.38,GEAS42894,National Party,3482,TRUE,6,INC,3482,DIBRUGARH,TRUE,TRUE,5,FALSE,FALSE,TRUE,Graduate,Other,NA,NA,NA,Lok Sabha Election (GE),32153,40604,13628,29968.5,35984.5,12250,31044,39782,12342.5,29777,34375,12167,37946,30543,15438,940713,1072719,1202616,1006716,1046317.8,1111688.1,1176636.6,1242252.9499999993,4.68,1006716,0.2424278130114068,0.2381046337223509,-0.11819402919356747,7,0,0,0,1,0,1,0,0,0,0,0,0,0,0,0,0,0,0,0,0,0,0,0,0,0,0,0,0,1,1,0,0,1
Tamil_Nadu,15,22,2009,4,0,4,1,chitthan n s v,1,INC,361545,GEN,820558,1085696,dindigul,GEN,NA,19,75.58,44.06,no,54347,6.62,2.86,GETN84225,National Party,3482,TRUE,5,INC,3482,DINDIGUL,TRUE,TRUE,3,FALSE,TRUE,TRUE,Graduate,Other,NA,NA,NA,Lok Sabha Election (GE),28942,36490,2702,33635,41399.5,3081.5,30409,40973,2606,39744,47771,3434,49221,44445,4187,1609379,1760427,1977526,1684903,1730217.4,1825556.7,1934106.2,2021739.5500000045,6.6200000000000045,1684903,0.2138614753898409,0.19825872456172178,-0.07216629112948603,7,0,0,0,1,0,0,0,0,0,0,0,0,0,0,0,0,0,0,0,0,0,0,0,1,0,0,0,0,0,0,0,0,0
Chhattisgarh,15,7,2009,4,0,4,1,saroj pandey,0,BJP,283170,GEN,905519,1620400,durg,GEN,NA,15,55.88,31.27,no,9954,1.1,3.7,AECG367,National Party,1605,TRUE,1,NA,NA,NA,NA,NA,1,FALSE,FALSE,FALSE,Post Graduate,Other,NA,NA,NA,Lok Sabha Election (GE),41519,50961,6526,36071,41914,5465.5,50166.5,66892.5,7942.5,67191,78937,11002,96544,81952,16202,2285277,2698647,3219903,2491962,2615973,2855023.8,3115651.8,3342115.899999991,1.0999999999999979,2491962,0.36245955298820576,0.38705761695503327,0.03748364405156579,9,0,0,0,1,0,0,0,0,1,0,0,0,0,0,0,0,0,0,0,0,0,0,0,0,0,0,0,0,0,0,0,0,0
Kerala,15,12,2009,4,0,4,1,prof. k v thomas,1,INC,342845,GEN,744869,1023053,ernakulam,GEN,NA,10,72.81,46.03,no,11790,1.58,2.38,GEKL31495,National Party,3482,TRUE,5,INC,3482,ERNAKULAM,TRUE,TRUE,4,FALSE,FALSE,FALSE,Post Graduate,Other,NA,NA,NA,Lok Sabha Election (GE),35874,45202,2061,37431,45160,2128.5,33501.5,43559,1848,39970,46118,2275,52884,41790,2951,2724242,3042262,3210804,2883252,2978658,3092824.6,3177095.6,3308701.3000000045,1.5900000000000034,2883252,0.27997166292461806,0.26016404355788847,-0.09854625286630636,9,0,0,0,1,0,0,0,0,0,0,0,0,0,0,0,1,0,0,0,0,0,0,0,0,0,0,0,0,0,0,0,0,0
Uttar_Pradesh,15,54,2009,4,0,4,1,nirmal khatri,1,INC,211543,GEN,749168,1500160,faizabad,GEN,AVADH,23,49.94,28.24,no,54228,7.24,5.26,AEUP164721,National Party,3482,TRUE,6,INC,3482,FAIZABAD,TRUE,TRUE,2,FALSE,FALSE,TRUE,Doctorate,Other,NA,NA,NA,Lok Sabha Election (GE),15174,18989,5702,11772,14758.5,4396,10031,14616.5,3500,10086,13792,3513,11083,13827,3973,1622677,2009669,2380056,1816173,1932270.6,2120785.1,2305978.6,2496430.350000009,7.239999999999998,1816173,0.09426407913898238,0.12305110354877158,0.0025344884851445926,10,0,0,0,1,0,0,0,0,0,0,0,0,0,0,0,0,0,0,0,0,0,0,0,0,1,0,0,0,1,1,0,0,1
Uttar_Pradesh,15,40,2009,4,0,4,1,salman khursheed,1,INC,169351,GEN,611015,1306214,farrukhabad,GEN,DOAB,16,46.78,27.72,no,27199,4.45,4.76,GEUP41160,National Party,3482,TRUE,5,INC,3482,FARRUKHABAD,TRUE,TRUE,2,FALSE,FALSE,FALSE,Post Graduate,Other,NA,NA,NA,Lok Sabha Election (GE),9095,11441,3737,6088,7709.5,2342.5,2615.5,4682,1075,4500,7307,1871,4417,8117,1954,1244313,1511201,1814173,1377757,1457823.4,1602092.6,1753578.6,1893638,4.459999999999997,1377757,-0.018616664161884344,0.04340550632863849,0.10512783496995759,9,0,0,0,1,0,0,0,0,0,0,0,0,0,0,0,0,0,0,0,0,0,0,0,0,1,0,0,1,1,1,0,0,1
Uttar_Pradesh,15,49,2009,4,0,4,1,rakesh sachan,1,SP,218953,GEN,694383,1536621,fatehpur,GEN,DOAB,18,45.19,31.53,no,52228,7.52,4.76,AEUP116691,State-based Party,7425,TRUE,1,NA,NA,NA,NA,NA,1,FALSE,FALSE,FALSE,Post Graduate,Other,NA,NA,NA,Lok Sabha Election (GE),7932,10013,2270,3743,4764.5,951.5,5067,9108.5,1340,6398,11835,1766,11236,17824,3184,1837082,2228518,2549756,2032800,2150230.8,2324889.4,2485508.4,2668356.7666666806,7.52,2032800,0.5631374677146699,0.5894211658003687,0.4094846207789278,9,0,0,0,1,0,0,0,0,0,0,0,0,0,0,0,0,0,0,0,0,0,0,0,0,1,0,0,0,0,0,0,0,0
Gujarat,15,6,2009,4,0,4,1,l.k.advani,1,BJP,434044,GEN,790737,1555709,gandhinagar,GEN,NA,19,50.83,54.89,no,121747,15.4,2.17,GEDL35837,National Party,1605,TRUE,6,BJP,1605,GANDHINAGAR,TRUE,TRUE,7,FALSE,TRUE,TRUE,Graduate Professional,Other,NA,NA,NA,Lok Sabha Election (GE),25283,31706,2832,25846.5,31024,2944,20278,26068,2206,24514,28057,2694,32802,25185,3695,802018,984691,1105713,893354.5,948156.4,1020997.6,1081508.6,1161542.416666668,15.399999999999999,893354.5,0.291245106221945,0.3159534764119938,-0.10798957600478154,8,0,0,0,1,0,0,0,0,0,0,1,0,0,0,0,0,0,0,0,0,0,0,0,0,0,0,0,0,0,0,0,0,0
Rajasthan,15,1,2009,4,0,4,1,bharat ram meghwal,1,INC,476554,SC,909629,1491983,ganganagar,SC,NA,15,60.97,52.39,no,140668,15.46,2.44,GERJ8968,National Party,3482,TRUE,1,NA,NA,NA,NA,NA,1,FALSE,FALSE,FALSE,Graduate Professional,Other,NA,NA,NA,Lok Sabha Election (GE),64031,80841,16945,60867,75424,16393.5,57730.5,78538,14849.5,81203,97655,21165,102440,92542,26618,1368212,1746680,1927888,1557446,1670986.4,1801042.4,1891646.4,2044716.0666666627,15.46,1557446,0.23232506903336336,0.22923880469147662,-0.05377826376776973,8,0,0,0,1,0,0,0,0,0,0,0,0,0,0,0,0,0,0,0,0,0,0,1,0,0,0,0,0,1,1,0,0,1
Uttarakhand,15,2,2009,4,0,4,1,satpal maharaj,1,INC,236949,GEN,533568,1092282,garhwal,GEN,NA,13,48.85,44.41,no,17397,3.26,2.7,GEUK41429,National Party,3482,TRUE,6,INC,3482,GARHWAL,TRUE,TRUE,2,FALSE,FALSE,FALSE,12th Pass,Other,NA,NA,NA,Lok Sabha Election (GE),3328,4181,2203,4514,5754.5,2997,8554,12772,5777,5137,9487,3261,14621,17595,9854,558136,580537,580174,569336.5,576056.8,580428.1,580246.6,587273.6999999997,3.259999999999998,569336.5,1.04598959995017,1.10584356731459,0.617692330362809,6,0,0,0,1,0,0,0,0,0,0,0,0,0,0,0,0,0,0,0,0,0,0,0,0,0,1,0,0,1,1,0,0,1
Jharkhand,15,6,2009,4,0,4,1,ravindra kumar pandey,1,BJP,233435,GEN,619190,1346527,giridih,GEN,NA,17,45.98,37.7,no,94738,15.3,4.35,GEBR100073,National Party,1605,TRUE,5,BJP,1605,GIRIDIH,TRUE,TRUE,4,FALSE,FALSE,TRUE,Graduate,Other,NA,NA,NA,Lok Sabha Election (GE),3362,4260,1340,3232,3920,1372,4058.5,8155,1672,5276,11497,2297,7139,16521,3336,1399623,1770811,2268425,1585217,1696573.4,1920095.2,2168902.2,2377674.299999997,15.300000000000004,1585217,0.30240447566525575,0.37316856078953897,0.36254616717685195,7,0,0,0,1,0,0,0,0,0,0,0,0,0,1,0,0,0,0,0,0,0,0,0,0,0,0,0,0,0,0,0,0,0
Karnataka,15,5,2009,4,0,4,1,mallikarjun kharge,1,INC,345241,SC,759385,1543771,gulbarga,SC,NA,10,49.19,45.46,no,13404,1.77,2.5,AEKA105733,National Party,3482,TRUE,1,NA,NA,NA,NA,NA,1,FALSE,FALSE,FALSE,Graduate Professional,Other,NA,NA,NA,Lok Sabha Election (GE),41785,52421,4106,53074.5,66270.5,4588,45235.5,63934.5,3998,50259,63843,4891,89185,81978,7448,1741695,2103843,2475420,1922769,2031413.4,2215316.1,2401104.6,2583907.25,1.759999999999998,1922769,0.5735232286307603,0.4205487584175458,0.25002397406576193,8,0,0,0,1,0,0,0,0,0,0,0,0,0,0,1,0,0,0,0,0,0,0,0,0,0,0,0,0,0,0,0,0,0
Andhra_Pradesh,15,30,2009,4,0,4,1,rayapati sambasiva rao,1,INC,403937,GEN,1044731,1365177,guntur,GEN,NA,10,76.53,38.66,no,39355,3.77,3.12,GEAP818294,National Party,3482,TRUE,5,INC,3482,GUNTUR,TRUE,TRUE,4,FALSE,TRUE,TRUE,Graduate,Other,NA,NA,NA,Lok Sabha Election (GE),61667,77416,5147,64646,79227,5393.5,67461,89776,5451.5,87385,102843,7088,119641,101204,9712,3988860,4310572,4765668,4149716,4246229.6,4447100.8,4674648.8,4859958.533333331,3.759999999999998,4149716,0.3141719489170498,0.3149590210143618,-0.016065271736851017,7,0,0,0,1,1,0,0,0,0,0,0,0,0,0,0,0,0,0,0,0,0,0,0,0,0,0,0,0,0,0,0,0,0
Punjab,15,1,2009,4,0,4,1,partap singh bajwa,1,INC,447994,GEN,933370,1318967,gurdaspur,GEN,NA,13,70.77,48,no,8342,0.89,2.22,AEPB5160,National Party,3482,TRUE,1,NA,NA,NA,NA,NA,1,FALSE,FALSE,FALSE,Graduate,Other,NA,NA,NA,Lok Sabha Election (GE),47821,60637,15695,53175.5,65112.5,17646,45056,58754.5,14716.5,58398,67592,19255,67614,55142,21993,1660865,2023955,2204324,1842410,1951337,2078065.7,2168250.2,2316296.3500000015,0.8999999999999986,1842410,0.14653341952585563,0.13295345364268663,-0.20357795660328648,7,0,0,0,1,0,0,0,0,0,0,0,0,0,0,0,0,0,0,0,0,0,1,0,0,0,0,0,1,1,1,0,0,1
Madhya_Pradesh,15,3,2009,4,0,4,1,yashodhara raje scindia,0,BJP,252314,GEN,584196,1420728,gwalior,GEN,NA,23,41.12,43.19,no,26591,4.55,2.78,GEMP947632,National Party,1605,TRUE,2,BJP,1605,GWALIOR,TRUE,TRUE,2,FALSE,TRUE,TRUE,NA,NA,NA,NA,NA,Lok Sabha Election (GE),29149,35664,3666,21787.5,26413,2665.5,21496,28984.5,2407,20718,26990,2045,31448,31426,3973,1285897,1565700,1931600,1425798.5,1509739.4,1675470,1858420,2014105.9499999955,4.549999999999997,1425798.5,0.4173325004836492,0.664123687337697,0.152169148738027,NA,0,0,0,1,0,0,0,0,0,0,0,0,0,0,0,0,0,1,0,0,0,0,0,0,0,0,0,1,1,1,0,0,1
Himachal_Pradesh,15,3,2009,4,0,4,1,anurag singh thakur,1,BJP,373598,GEN,698739,1187377,hamirpur,GEN,NA,8,58.85,53.47,no,72732,10.41,2.08,GEHP82354,National Party,1605,TRUE,2,BJP,1605,HAMIRPUR,TRUE,TRUE,2,FALSE,TRUE,TRUE,Graduate,Other,NA,NA,NA,Lok Sabha Election (GE),8077,10133,4027,10440,13004.5,5730,13755.5,20491.5,6497,10630,16935,6848,17940,23554,10128,1103451,1287092,1423736,1195271.5,1250363.8,1328085.2,1396407.2,1479611.583333332,10.409999999999997,1195271.5,0.5233526642767945,0.39134722656238097,0.32991317114962193,7,0,0,0,1,0,0,0,0,0,0,0,0,1,0,0,0,0,0,0,0,0,0,0,0,0,0,0,1,1,1,0,0,1
Kerala,15,13,2009,4,0,4,1,adv. p.t thomas,1,INC,408484,GEN,785901,1062849,idukki,GEN,NA,10,73.94,51.98,no,74796,9.52,2.22,AEKL102992,National Party,3482,TRUE,1,NA,NA,NA,NA,NA,1,FALSE,FALSE,FALSE,Post Graduate,Other,NA,NA,NA,Lok Sabha Election (GE),11301,14102,375,12482,15529,364.5,15304.5,21524,351,14580,19799,412,22221,24067,540,1044798,1117874,1108974,1081336,1103258.8,1115204,1110754,1132263.0666666664,9.519999999999996,1081336,0.42138706111875024,0.27054579020879377,0.19521017617570458,9,0,0,0,1,0,0,0,0,0,0,0,0,0,0,0,1,0,0,0,0,0,0,0,0,0,0,0,0,0,0,0,0,0
Rajasthan,15,7,2009,4,0,4,1,mahesh joshi,1,INC,397438,GEN,812901,1684541,jaipur,GEN,NA,25,48.26,48.89,no,16099,1.98,2.17,AERJ82063,National Party,3482,TRUE,1,NA,NA,NA,NA,NA,1,FALSE,FALSE,FALSE,Doctorate,Other,NA,NA,NA,Lok Sabha Election (GE),97524,119820,13755,94113.5,112507,12825.5,97622,126293,13437,147270,169481,22129,206865,164795,32474,3669116,5168548,6524829,4418832,4868661.6,5575432.3,6253572.8,6977044.449999988,1.980000000000004,4418832,0.3397987698563405,0.3835508036511932,-0.02803854893289426,10,0,0,0,1,0,0,0,0,0,0,0,0,0,0,0,0,0,0,0,0,0,0,1,0,0,0,0,0,0,0,0,0,0
Uttar_Pradesh,15,45,2009,4,0,4,1,ghansyam anuragi,1,SP,283023,SC,797584,1684988,jalaun,SC,BUNDELKHAND,16,47.33,35.49,no,11409,1.43,3.45,GEUP12517,State-based Party,7425,TRUE,1,NA,NA,NA,NA,NA,1,FALSE,FALSE,FALSE,Post Graduate,Other,NA,NA,NA,Lok Sabha Election (GE),10939,13777,2590,9671,12498,2304.5,11207,17280.5,2389.5,2086,7460,488,9259,16567,2266,1209463,1443154,1676376,1326308.5,1396415.8,1513120.6,1629731.6,1746491.1166666597,1.4400000000000048,1326308.5,1.4903476948873289,1.5354560357348044,0.7978573507407294,9,0,0,0,1,0,0,0,0,0,0,0,0,0,0,0,0,0,0,0,0,0,0,0,0,1,0,0,0,1,1,0,0,1
Maharashtra,15,3,2009,4,0,4,1,a.t. nana patil,1,BJP,343647,GEN,656567,1549391,jalgaon,GEN,NA,13,42.38,52.34,no,96020,14.62,2.44,GEMH6754,National Party,1605,TRUE,1,NA,NA,NA,NA,NA,1,FALSE,FALSE,FALSE,Graduate,Other,NA,NA,NA,Lok Sabha Election (GE),76327,95935,9845,77303.5,94476.5,10086,65521,89028.5,8332.5,64372,79395,8559,63572,67871,9548,3175848,3664180,4197020,3420014,3566513.6,3824032,4090452,4342777.799999997,14.620000000000005,3420014,-0.012505634121675158,0.10934834757711087,-0.15682654932054874,7,0,0,0,1,0,0,0,0,0,0,0,0,0,0,0,0,0,0,1,0,0,0,0,0,0,0,0,0,0,0,0,0,0
Maharashtra,15,18,2009,4,0,4,1,danve raosaheb dadarao,1,BJP,350710,GEN,797127,1426255,jalna,GEN,NA,19,55.89,44,no,8482,1.06,2.7,GEMH70718,National Party,1605,TRUE,3,BJP,1605,JALNA,TRUE,TRUE,3,FALSE,TRUE,TRUE,12th Pass,Other,NA,NA,NA,Lok Sabha Election (GE),35301,44168,4330,35792,43690.5,4394.5,33225,46676,3963,33532,43342,4092,43749,46028,5641,1358433,1602813,1953625,1480623,1553937,1708056.6,1883462.6,2025165.1333333403,1.0700000000000003,1480623,0.2659685486239276,0.32102750666845914,0.06012776517107277,6,0,0,0,1,0,0,0,0,0,0,0,0,0,0,0,0,0,0,1,0,0,0,0,0,0,0,0,1,0,1,0,0,1
West_Bengal,15,3,2009,4,0,4,1,mahendra kumar roy,1,CPM,469613,SC,1031290,1252142,jalpaiguri,SC,NA,10,82.36,45.54,no,88371,8.57,2.78,GEWB13886,National Party,14635,TRUE,1,NA,NA,NA,NA,NA,1,FALSE,FALSE,FALSE,Graduate Professional,Other,NA,NA,NA,Lok Sabha Election (GE),18669,23418,2645,18904.5,23340,2702.5,20890,30063.5,2828,23194,31488,3168,46191,44739,5729,2463516,2865392,3209954,2664454,2785016.8,2968760.6,3141041.6,3331472.0333333313,8.57,2664454,0.6888913493813806,0.5924405214742627,0.3512390835789123,8,0,0,0,1,0,0,0,0,0,0,0,0,0,0,0,0,0,0,0,0,0,0,0,0,0,0,1,0,1,1,0,0,1
Gujarat,15,12,2009,4,0,4,1,ahir vikrambhai arjanbhai madam,1,INC,281410,GEN,594586,1298599,jamnagar,GEN,NA,22,45.79,47.33,no,26418,4.44,2.5,AEGJ9523,National Party,3482,TRUE,2,INC,3482,JAMNAGAR,TRUE,TRUE,2,FALSE,TRUE,TRUE,Graduate,Other,NA,NA,NA,Lok Sabha Election (GE),53000,66326,4295,74893,91127.5,5895,58583,79956,4413,74480,89363,5906,99718,88833,7508,1494513,1785320,2080374,1639916.5,1727158.6,1873836.2,2021363.2,2167545.3166666627,4.439999999999998,1639916.5,0.291815569328179,0.24000033540253085,-0.005948523679920825,7,0,0,0,1,0,0,0,0,0,0,1,0,0,0,0,0,0,0,0,0,0,0,0,0,0,0,0,0,0,0,0,0,0
Uttar_Pradesh,15,73,2009,4,0,4,1,dhananjay singh,1,BSP,302618,GEN,763910,1662127,jaunpur,GEN,EAST,16,45.96,39.61,no,80351,10.52,3.57,AEUP57465,State-based Party,16651,TRUE,2,LJNSP,5029,JAUNPUR,TRUE,FALSE,1,TRUE,FALSE,TRUE,Post Graduate,Other,NA,NA,NA,Lok Sabha Election (GE),18428,23087,9570,6773,8839.5,3722.5,5178.5,9369,2939,10709,16151,5988,10891,17305,6022,2855441,3478869,4001526,3167155,3354183.4,3635666.1,3896994.6,4190233.9166666716,10.509999999999998,3167155,0.016852250674810776,0.00566196350215975,0.06901350983093124,9,0,0,0,1,0,0,0,0,0,0,0,0,0,0,0,0,0,0,0,0,0,0,0,0,1,0,0,1,1,1,0,0,1
Assam,15,12,2009,4,0,4,1,bijoy krishna handique,1,INC,362320,GEN,763455,1182349,jorhat,GEN,NA,8,64.57,47.46,no,71914,9.42,2.63,AEAS196704,National Party,3482,TRUE,7,INC,3482,JORHAT,TRUE,TRUE,6,FALSE,TRUE,TRUE,Post Graduate,Other,NA,NA,NA,Lok Sabha Election (GE),6676,8370,2181,5527.5,6876.5,1900.5,5539.5,8453,1850.5,5817,8710,2052,9618,11622,3217,821691,931336,1002613,876513.5,909407,952719.1,988357.6,1036145.9666666687,9.420000000000002,876513.5,0.5028516779268468,0.4496343209483662,0.28842806278850297,9,0,0,0,1,0,1,0,0,0,0,0,0,0,0,0,0,0,0,0,0,0,0,0,0,0,0,0,0,0,0,0,0,0
Gujarat,15,13,2009,4,0,4,1,solanki dinubhai boghabhai,1,BJP,355335,GEN,760020,1313064,junagadh,GEN,NA,16,57.88,46.75,no,13759,1.81,2.38,AEGJ9645,National Party,1605,TRUE,1,NA,NA,NA,NA,NA,1,FALSE,FALSE,FALSE,Graduate,Other,NA,NA,NA,Lok Sabha Election (GE),70699,89513,8081,84860,103283.5,9670,56673,76096,6271.5,60799,73531,6870,76342,70315,8594,2070645,2390677,2712748,2230661,2326670.6,2487298.3,2648333.8,2808723.6166666597,1.8100000000000023,2230661,0.22764990409074137,0.2239001791185462,-0.044721938684642026,7,0,0,0,1,0,0,0,0,0,0,1,0,0,0,0,0,0,0,0,0,0,0,0,0,0,0,0,0,0,0,0,0,0
Andhra_Pradesh,15,3,2009,4,0,4,1,ponnam prabhakar,1,INC,317927,GEN,989301,1496211,karimnagar,GEN,NA,15,66.12,32.14,no,50243,5.08,4.55,AEAP818418,National Party,3482,TRUE,1,NA,NA,NA,NA,NA,1,FALSE,FALSE,FALSE,Graduate Professional,Other,NA,NA,NA,Lok Sabha Election (GE),81572,103192,7975,82311.5,100874,8116,79505,106179,7732.5,111062,132679,10818,142335,123506,13740,3030293,3488104,3770229,3259198.5,3396541.8,3572741.5,3713804,3910500.399999991,5.080000000000002,3259198.5,0.24809483015870626,0.2390998733449674,-0.07164293923561971,8,0,0,0,1,1,0,0,0,0,0,0,0,0,0,0,0,0,0,0,0,0,0,0,0,0,0,0,0,0,0,0,0,0
Haryana,15,5,2009,4,0,4,1,arvind kumar sharma,1,INC,304698,GEN,811029,1216977,karnal,GEN,NA,23,66.64,37.57,no,76346,9.41,3.7,GEHR54154,National Party,3482,TRUE,5,INC,3482,KARNAL,TRUE,TRUE,3,FALSE,TRUE,TRUE,Post Graduate,Other,NA,NA,NA,Lok Sabha Election (GE),38819,49069,5955,35479,43431.5,5458.5,36261.5,46981,5393,50505,57399,7491,62035,47898,9360,1026742,1261187,1475164,1143964.5,1214298,1325380.1,1432368.6,1545838.6333333403,9.41,1143964.5,0.20562640061368853,0.2227429905237539,-0.1809531316792583,9,0,0,0,1,0,0,0,0,0,0,0,1,0,0,0,0,0,0,0,0,0,0,0,0,0,0,0,0,0,0,0,0,0
Tamil_Nadu,15,23,2009,4,0,4,1,thambidurai.m,1,ADMK,380542,GEN,824802,1012924,karur,GEN,NA,38,81.43,46.14,no,47254,5.73,2.7,GETN33034,State-based Party,930,TRUE,6,ADMK,930,KRISHNAGIRI,FALSE,TRUE,4,FALSE,FALSE,FALSE,Doctorate,Other,NA,NA,NA,Lok Sabha Election (GE),18044,22637,1587,21327.5,26025,1778,19725,26131,1637,25848,30212,2097,31157,26441,2511,769962,843245,967536,806603.5,828588.4,880532.3,942677.8,988670.7666666657,5.730000000000004,806603.5,0.18680571056683348,0.18017332825566523,-0.13332336070032902,10,0,0,0,1,0,0,0,0,0,0,0,0,0,0,0,0,0,0,0,0,0,0,0,1,0,0,0,0,0,0,0,0,0
Bihar,15,11,2009,4,0,4,1,nikhil kumar choudhary,1,BJP,269834,GEN,724802,1272769,katihar,GEN,NA,16,56.95,37.23,no,14015,1.93,3.85,GEBR42291,National Party,1605,TRUE,6,BJP,1605,KATIHAR,TRUE,TRUE,3,FALSE,TRUE,TRUE,Graduate,Other,NA,NA,NA,Lok Sabha Election (GE),2594,3305,643,2409,3019.5,501.5,2917.5,5479.5,764,3069,6713,612,6735,11337,2003,1685118,2206322,2826666,1945720,2102081.2,2392425.2,2702597.2,2981374.8666666746,1.9299999999999997,1945720,0.7859660342247281,1.1856690531534921,0.5240257680788467,7,0,0,0,1,0,0,1,0,0,0,0,0,0,0,0,0,0,0,0,0,0,0,0,0,0,0,0,0,0,0,0,0,0
Odisha,15,15,2009,4,0,4,1,baijayant panda,1,BJD,502635,GEN,983010,1434425,kendrapara,GEN,NA,8,68.53,51.13,no,127107,12.93,2.38,GEOD79788,State-based Party,9079,TRUE,1,NA,NA,NA,NA,NA,1,FALSE,FALSE,FALSE,Graduate Professional,Other,NA,NA,NA,Lok Sabha Election (GE),4916,6302,2478,4485,5417.5,2139.5,7468.5,10844,3512.5,7568,10329,3705,14549,14409,6732,1055569,1184464,1308236,1120016.5,1158685,1221595.6,1283481.6,1346989.8833333328,12.93,1120016.5,0.6535934309836744,0.5971890175805097,0.3328975383263,8,0,0,0,1,0,0,0,0,0,0,0,0,0,0,0,0,0,0,0,1,0,0,0,0,0,0,0,0,1,1,0,0,1
Jharkhand,15,11,2009,4,0,4,1,karia munda,1,BJP,210214,ST,510343,980868,khunti,ST,NA,9,52.03,41.19,no,80175,15.71,3.85,GEBR22312,National Party,1605,TRUE,11,BJP,1605,KHUNTI,TRUE,TRUE,7,FALSE,FALSE,TRUE,Post Graduate,Other,NA,NA,NA,Lok Sabha Election (GE),625,790,194,566,703.5,172,933,2854.5,288.5,954,4302,291,1060,7341,285,382760,427239,522449,404999.5,418343.2,455802,503407,534947.1833333336,15.709999999999997,404999.5,0.10536051565782589,-0.020834086902842053,0.5343950422831067,9,0,0,0,1,0,0,0,0,0,0,0,0,0,1,0,0,0,0,0,0,0,0,0,0,0,0,0,0,0,0,0,0,0
Jharkhand,15,5,2009,4,0,4,1,babulal marandi,1,JVM,199462,ST,780538,1390428,kodarma,GEN,NA,16,56.14,25.55,no,48520,6.22,6.25,GEBR42356,Local Party,4736,TRUE,7,IND,10809,KODERMA,FALSE,FALSE,5,FALSE,TRUE,TRUE,Graduate,Other,NA,NA,NA,Lok Sabha Election (GE),1581,1997,576,1606.5,1942,601,2289,3832,842,4252,6305,1758,5010,6929,2062,402317,510599,674889,456458,488942.6,559886,642031,706440.1333333328,6.210000000000001,456458,0.1640464546170719,0.1594995863317834,0.09437253322836092,7,0,0,0,1,0,0,0,0,0,0,0,0,0,1,0,0,0,0,0,0,0,0,0,0,0,0,0,0,0,0,0,0,0
Assam,15,5,2009,4,0,4,1,sansuma khunggur bwiswmuthiary,1,BOPF,495211,ST,1014784,1377837,kokrajhar,ST,NA,3,73.65,48.8,no,190322,18.75,2.7,GEAS64897,Local Party,9451,TRUE,4,IND,10809,KOKRAJHAR,TRUE,FALSE,4,FALSE,TRUE,TRUE,Graduate,Other,NA,NA,NA,Lok Sabha Election (GE),2304,2910,1149,2374,3162,1234,2839,4854,1419.5,3558,6145,1809,6131,8953,2974,685335,753798,781005,719566.5,740105.4,761960.1,775563.6,802231.5,18.759999999999998,719566.5,0.5441592795369079,0.49713364162480556,0.3763499286340206,7,0,0,0,1,0,1,0,0,0,0,0,0,0,0,0,0,0,0,0,0,0,0,0,0,0,0,0,0,0,0,0,0,0
Karnataka,15,28,2009,4,0,4,1,k.h.muniyappa,1,INC,344771,SC,927261,1340923,kolar,SC,NA,22,69.15,37.18,no,23006,2.48,3.23,GEKA15239,National Party,3482,TRUE,6,INC,3482,KOLAR,TRUE,TRUE,6,FALSE,TRUE,TRUE,Graduate Professional,Other,NA,NA,NA,Lok Sabha Election (GE),27172,34242,9342,28066.5,34541,9572,30211,40106,10201.5,37305,43766,12622,48612,40915,16587,1106167,1354174,1497689,1230170.5,1304572.6,1397228.5,1468986,1573832.6333333403,2.479999999999997,1230170.5,0.26474304808507654,0.27317793286185754,-0.06736051625282258,8,0,0,0,1,0,0,0,0,0,0,0,0,0,0,1,0,0,0,0,0,0,0,0,0,0,0,0,0,0,0,0,0,0
Maharashtra,15,47,2009,4,0,4,1,sadashivrao dadoba mandlik,1,IND,428082,GEN,1027802,1583030,kolhapur,GEN,NA,10,64.93,41.65,no,44800,4.36,2.94,AEMH113852,Independents,10809,TRUE,4,NCP,5792,KOLHAPUR,TRUE,FALSE,4,FALSE,TRUE,TRUE,Graduate,Other,NA,NA,NA,Lok Sabha Election (GE),49898,62875,8038,55711.5,68036,8768.5,41063,56110,6421.5,63751,76423,10080,83689,73131,12821,2976206,3499396,3849390,3237801,3394758,3604394.2,3779391.2,4009233.600000009,4.359999999999999,3237801,0.27212267692449466,0.24053118892734027,-0.04403134451925261,7,0,0,0,1,0,0,0,0,0,0,0,0,0,0,0,0,0,0,1,0,0,0,0,0,0,0,0,0,0,0,0,0,0
Karnataka,15,8,2009,4,0,4,1,shivaramagouda shivanagouda,1,BJP,291693,GEN,754684,1363431,koppal,GEN,NA,18,55.35,38.65,no,81789,10.84,3.45,GEKA16646,National Party,1605,TRUE,1,NA,NA,NA,NA,NA,1,FALSE,FALSE,FALSE,Graduate Professional,Other,NA,NA,NA,Lok Sabha Election (GE),22221,27836,3002,24362,30282.5,3193.5,22288.5,31374.5,2845,25878,32677,3498,34120,34209,4630,948828,1184206,1374458,1066517,1137130.4,1241281.6,1336407.6,1445823.5,10.84,1066517,0.2764905357297174,0.2803654915017315,0.045817300830945484,8,0,0,0,1,0,0,0,0,0,0,0,0,0,0,1,0,0,0,0,0,0,0,0,0,0,0,0,0,0,0,0,0,0
Rajasthan,15,24,2009,4,0,4,1,ijyaraj singh,1,INC,360486,GEN,681806,1498971,kota,GEN,NA,14,45.48,52.87,no,83093,12.19,2.22,GERJ9597,National Party,3482,TRUE,1,NA,NA,NA,NA,NA,1,FALSE,FALSE,FALSE,Post Graduate,Other,NA,NA,NA,Lok Sabha Election (GE),37977,46845,5234,37263.5,44851,5116.5,35380,46732,4600.5,42592,50433,5564,54676,47793,7688,1210984,1554307,1944651,1382645.5,1485642.4,1671410.2,1866582.2,2046864.2166666687,12.18,1382645.5,0.24975841407770538,0.323343397606795,-0.0537665374601648,9,0,0,0,1,0,0,0,0,0,0,0,0,0,0,0,0,0,0,0,0,0,0,1,0,0,0,0,0,1,1,0,0,1
Kerala,15,14,2009,4,0,4,1,jose k.mani (karingozheckal),1,KEC(M),404962,GEN,807820,1095242,kottayam,GEN,NA,20,73.76,50.13,no,71570,8.86,2.38,GEKL5721,State-based Party,11341,TRUE,2,KEC(M),11341,MUVATTUPUZHA,FALSE,TRUE,1,FALSE,FALSE,TRUE,Post Graduate,Other,NA,NA,NA,Lok Sabha Election (GE),18727,23716,966,19007.5,23186.5,984.5,17294,22852.5,831,18225,21748,909,25878,22254,1273,1823959,1953646,1974551,1888802.5,1927708.6,1959917.5,1970370,2015270.1333333328,8.86,1888802.5,0.35059890899903934,0.3367865043799281,0.022999968451834718,9,0,0,0,1,0,0,0,0,0,0,0,0,0,0,0,1,0,0,0,0,0,0,0,0,0,0,0,0,0,0,0,0,0
Tamil_Nadu,15,9,2009,4,0,4,1,sugavanam. e.g.,1,DMK,335977,GEN,752578,1014758,krishnagiri,GEN,NA,16,74.16,44.64,no,76598,10.18,2.94,AETN203079,State-based Party,10192,TRUE,2,DMK,10192,KRISHNAGIRI,TRUE,TRUE,2,FALSE,TRUE,TRUE,12th Pass,Other,NA,NA,NA,Lok Sabha Election (GE),20976,26243,3575,24103,29764.5,4016,24608.5,33176,3834.5,33576,39800,5096,42152,37023,6412,1232193,1503771,1827613,1367982,1449455.4,1600923.6,1762844.6,1908215.3333333358,10.170000000000002,1367982,0.22747060687569487,0.22971531647744392,-0.07232757115123611,6,0,0,0,1,0,0,0,0,0,0,0,0,0,0,0,0,0,0,0,0,0,0,0,1,0,0,0,0,0,0,0,0,0
Andhra_Pradesh,15,35,2009,4,0,4,1,kotla jaya surya prakash reddy,1,INC,382668,GEN,871360,1307312,kurnool,GEN,NA,11,66.65,43.92,no,73773,8.47,2.94,AEAP12036,National Party,3482,TRUE,2,INC,3482,KURNOOL,TRUE,TRUE,2,FALSE,TRUE,TRUE,Graduate,Other,NA,NA,NA,Lok Sabha Election (GE),60253,75497,4809,67511,84965.5,5166,59190,83178,4453.5,70787,89467,5780,93384,93951,7600,2953790,3496769,4014269,3225279.5,3388173.2,3652019,3910769,4177587.350000009,8.469999999999999,3225279.5,0.2770446563293447,0.2737445646080001,0.04890352755749028,7,0,0,0,1,1,0,0,0,0,0,0,0,0,0,0,0,0,0,0,0,0,0,0,0,0,0,0,0,0,0,0,0,0
Lakshadweep,15,1,2009,4,0,4,1,hamdullah sayeed,1,INC,20492,ST,39498,45983,lakshadweep,ST,NA,4,85.9,51.88,no,2198,5.56,2.08,GELD5870,National Party,3482,TRUE,1,NA,NA,NA,NA,NA,1,FALSE,FALSE,FALSE,Graduate Professional,Other,NA,NA,NA,Lok Sabha Election (GE),48,60,17,34,43.5,13.5,30.5,44,10,26,36,11,60,57,19,18431,21449,23150,19940,20845.4,21959.3,22809.8,24077.350000000035,5.560000000000002,19940,0.8362480242006183,0.5465437063680696,0.45953232937844035,8,0,0,0,1,0,0,0,0,0,0,0,0,0,0,0,0,1,0,0,0,0,0,0,0,0,0,0,0,0,0,0,0,0
Maharashtra,15,41,2009,4,0,4,1,awale jaywant gangaram,1,INC,372890,SC,829393,1509987,latur,SC,NA,18,54.93,44.96,no,7975,0.96,2.56,AEMH109178,National Party,3482,TRUE,1,NA,NA,NA,NA,NA,1,FALSE,FALSE,FALSE,10th Pass,Other,NA,NA,NA,Lok Sabha Election (GE),42244,52822,5107,42732.5,52768,5197,37844,52065,4603,39894,49607,5251,53764,51536,6723,1676292,2075998,2440363,1876145,1996056.8,2185307.5,2367490,2560863.8166666627,0.9600000000000009,1876145,0.2983781615605281,0.24711594883117804,0.038148639783468496,5,0,0,0,1,0,0,0,0,0,0,0,0,0,0,0,0,0,0,1,0,0,0,0,0,0,0,0,0,0,0,0,0,0
Jharkhand,15,12,2009,4,0,4,1,sudarshan bhagat,1,BJP,144628,ST,522378,981666,lohardaga,ST,NA,15,53.21,27.69,no,8283,1.59,4.76,AEBR42732,National Party,1605,TRUE,1,NA,NA,NA,NA,NA,1,FALSE,FALSE,FALSE,Graduate,Other,NA,NA,NA,Lok Sabha Election (GE),414,524,136,455.5,559.5,140.5,571.5,1652.5,181.5,1178,3077,352,2753,5500,835,287473,363255,459936,325364,348098.6,392259.3,440599.8,482322.28333333135,1.5899999999999999,325364,0.848873140931075,0.8638005492527583,0.5807929958985198,7,0,0,0,1,0,0,0,0,0,0,0,0,0,1,0,0,0,0,0,0,0,0,0,0,0,0,0,0,0,0,0,0,0
Bihar,15,13,2009,4,0,4,1,sharad yadav,1,JD(U),370585,GEN,756450,1508361,madhepura,GEN,NA,17,50.15,48.99,no,177621,23.48,3.12,GEBR42656,State-based Party,11002,TRUE,9,JD(U),11002,MADHEPURA,TRUE,TRUE,6,FALSE,FALSE,FALSE,Graduate Professional,Other,NA,NA,NA,Lok Sabha Election (GE),934,1183,258,1115.5,1433.5,273,1387.5,2946,335,1325,3655,397,7544,9387,1589,1159381,1461144,1912906,1310262.5,1400791.4,1596672.6,1822553.6,2000934.9166666716,23.48,1310262.5,1.7393400858929704,1.3869238858495256,0.9432296601531132,8,0,0,0,1,0,0,1,0,0,0,0,0,0,0,0,0,0,0,0,0,0,0,0,0,0,0,0,1,0,1,0,0,1
Bihar,15,6,2009,4,0,4,1,hukmadeo narayan yadav,1,BJP,164094,GEN,556554,1397256,madhubani,GEN,NA,14,39.83,29.48,no,9927,1.78,4.55,GEBR23593,National Party,1605,TRUE,9,BJP,1605,MADHUBANI,TRUE,TRUE,4,FALSE,FALSE,TRUE,Graduate,Other,NA,NA,NA,Lok Sabha Election (GE),3387,4278,1020,2204,2839,625.5,3239.5,6459.5,939.5,2918,7518,851,14036,17943,3709,2758621,3470459,4343273,3114540,3328091.4,3732303.2,4168710.2,4554141.466666639,1.7800000000000011,3114540,1.5707270076203743,1.4721054489162162,0.8698999215885443,7,0,0,0,1,0,0,1,0,0,0,0,0,0,0,0,0,0,0,0,0,0,0,0,0,0,0,0,0,0,0,0,0,0
Karnataka,15,20,2009,4,0,4,1,n cheluvaraya swamy @ swamygowda,1,JD(S),384443,GEN,1031703,1499744,mandya,GEN,NA,12,68.79,37.26,no,23500,2.28,3.57,GEKA3130,State-based Party,10979,FALSE,1,NA,NA,NA,NA,NA,1,FALSE,FALSE,FALSE,12th Pass,Other,NA,NA,NA,Lok Sabha Election (GE),23129,29050,6092,29964.5,36925,7653.5,32430.5,43302,8202,41018,48503,10467,46950,41306,12211,1620261,1737672,1789351,1678966.5,1714189.8,1753175.7,1779015.2,1825669.833333334,2.269999999999996,1678966.5,0.13507221090273092,0.15410973397813876,-0.16061788383509956,6,0,0,0,1,0,0,0,0,0,0,0,0,0,0,1,0,0,0,0,0,0,0,0,0,0,0,0,0,0,0,0,0,0
Uttar_Pradesh,15,17,2009,4,0,4,1,jayant chaudhary,1,RLD,379870,GEN,726493,1341649,mathura,GEN,DOAB,16,54.15,52.29,no,169613,23.35,2.78,GEUP11663,State-based Party,12169,TRUE,1,NA,NA,NA,NA,NA,1,FALSE,FALSE,FALSE,Post Graduate,Other,NA,NA,NA,Lok Sabha Election (GE),23216,28976,5339,23873,29449,5557.5,25500,33704.5,5655,35538,41228,8172,43751,36488,9729,1633374,2052626,2523616,1843000,1968775.6,2193923,2429418,2648529.299999997,23.349999999999998,1843000,0.20791192316237783,0.17439743903791438,-0.12213419776514733,9,0,0,0,1,0,0,0,0,0,0,0,0,0,0,0,0,0,0,0,0,0,0,0,0,1,0,0,1,1,1,0,0,1
Uttar_Pradesh,15,10,2009,4,0,4,1,rajendra agarwal,1,BJP,232137,GEN,727711,1508788,meerut,GEN,WEST,29,48.23,31.9,no,47146,6.48,4.35,GEUP77835,National Party,1605,TRUE,2,IND,10809,GHOSI,FALSE,FALSE,1,FALSE,FALSE,TRUE,Post Graduate,Other,NA,NA,NA,Lok Sabha Election (GE),29290,36140,4816,22623,27247.5,3461,22013.5,28241,3150.5,27571,31802,4286,39543,32063,6539,2387099,2963256,3440316,2675177.5,2848024.6,3106374,3344904,3614814.7166666687,6.479999999999997,2675177.5,0.3606241917111266,0.42243035152775477,0.008173536461098863,9,0,0,0,1,0,0,0,0,0,0,0,0,0,0,0,0,0,0,0,0,0,0,0,0,1,0,0,1,0,1,0,0,1
Uttar_Pradesh,15,79,2009,4,0,4,1,bal kumar patel,1,SP,218898,GEN,732855,1405539,mirzapur,GEN,EAST,27,52.14,29.87,no,19682,2.69,4.76,GEUP13655,State-based Party,7425,TRUE,1,NA,NA,NA,NA,NA,1,FALSE,FALSE,FALSE,12th Pass,Other,NA,NA,NA,Lok Sabha Election (GE),12401,15663,6154,7711.5,9570,3822.5,5878.5,10156.5,2884.5,6951,12410,3658,11024,17492,5477,1480599,1884079,2268240,1682339,1803383,1999327.3,2191407.8,2389605.9833333194,2.6900000000000013,1682339,0.46118918015295485,0.4036409558329108,0.34324103433415765,6,0,0,0,1,0,0,0,0,0,0,0,0,0,0,0,0,0,0,0,0,0,0,0,0,1,0,0,0,1,1,0,0,1
Uttar_Pradesh,15,6,2009,4,0,4,1,mohammed azharuddin,1,INC,301283,GEN,760944,1388525,moradabad,GEN,RUHELKHAND,18,54.8,39.59,no,49107,6.45,3.23,GERJ11359,National Party,3482,TRUE,1,NA,NA,NA,NA,NA,1,FALSE,FALSE,FALSE,Graduate,Other,NA,NA,NA,Lok Sabha Election (GE),20682,25781,6803,16948,20835,5284.5,19762,27020,6074,17317,22665,5340,28255,27366,8998,2846647,3754736,4708056,3300691.5,3573118.2,4040732,4517392,4979728.849999994,6.450000000000003,3300691.5,0.4895817551117929,0.5217766774468764,0.18847948256480684,7,0,0,0,1,0,0,0,0,0,0,0,0,0,0,0,0,0,0,0,0,0,0,0,0,1,0,0,0,0,0,0,0,0
West_Bengal,15,11,2009,4,0,4,1,abdul mannan hossain,1,INC,496348,GEN,1051383,1192899,murshidabad,GEN,NA,11,88.14,47.21,no,35647,3.39,2.44,GEWB49330,National Party,3482,TRUE,4,INC,3482,MURSHIDABAD,TRUE,TRUE,2,FALSE,TRUE,TRUE,Graduate,Other,NA,NA,NA,Lok Sabha Election (GE),22961,29092,7867,19037.5,24315.5,7120.5,22953,32253,7975.5,23024,30203,8361,44327,41446,15321,4523763,5626876,6811201,5075319.5,5406253.4,5982173.5,6574336,7140781.366666675,3.3900000000000006,5075319.5,0.6550568220607218,0.6056463991656962,0.3164501179197945,7,0,0,0,1,0,0,0,0,0,0,0,0,0,0,0,0,0,0,0,0,0,0,0,0,0,0,1,0,0,0,0,0,0
Bihar,15,15,2009,4,0,4,1,captain  jai narayan prasad nishad,1,JD(U),195091,GEN,621813,1339949,muzaffarpur,GEN,NA,24,46.41,31.37,no,47809,7.69,5,GEBR34878,State-based Party,11002,TRUE,5,JD(U),11002,MUZAFFARPUR,TRUE,TRUE,4,FALSE,FALSE,FALSE,12th Pass,Other,NA,NA,NA,Lok Sabha Election (GE),6300,7967,2729,5710.5,7076.5,2348.5,6442.5,10286,2717,8600,13070,3732,21284,21719,8929,2791472,3538829,4516863,3165150.5,3389357.6,3832239.2,4321256.2,4737225.483333349,7.68,3165150.5,0.9061934134746608,0.8723601235499814,0.5078679258540522,6,0,0,0,1,0,0,1,0,0,0,0,0,0,0,0,0,0,0,0,0,0,0,0,0,0,0,0,0,0,0,0,0,0
Karnataka,15,21,2009,4,0,4,1,adagur h vishwanath,1,INC,354810,GEN,973878,1653991,mysore,GEN,NA,12,58.88,36.43,no,7691,0.79,3.23,AEKA19163,National Party,3482,TRUE,1,NA,NA,NA,NA,NA,1,FALSE,FALSE,FALSE,Graduate Professional,Other,NA,NA,NA,Lok Sabha Election (GE),26407,32328,5016,30136.5,36431.5,5767,35846.5,47396.5,6639.5,48025,56443,9192,57797,50445,11245,2233277,2571337,2906242,2402307,2503725,2671808.5,2839261,3007712.583333336,0.7899999999999991,2402307,0.18521516256251225,0.20159004486482424,-0.11234764550329501,8,0,0,0,1,0,0,0,0,0,0,0,0,0,0,1,0,0,0,0,0,0,0,0,0,0,0,0,0,0,0,0,0,0
Tamil_Nadu,15,29,2009,4,0,4,1,vijayan a k s,1,DMK,369915,SC,762988,982352,nagapattinam,SC,NA,7,77.67,48.48,no,47962,6.29,2.38,GETN8581,State-based Party,10192,TRUE,3,DMK,10192,NAGAPATTINAM,TRUE,TRUE,3,FALSE,TRUE,TRUE,12th Pass,Other,NA,NA,NA,Lok Sabha Election (GE),20828,26352,4442,22136.5,27098.5,4669.5,22356.5,29391,4713,25373,29690,5282,28102,23848,5799,1319874,1439754,1560454,1379814,1415778,1475964,1536314,1596404.333333332,6.279999999999994,1379814,0.10215513166246737,0.09338067501936287,-0.2191099323998973,6,0,0,0,1,0,0,0,0,0,0,0,0,0,0,0,0,0,0,0,0,0,0,0,1,0,0,0,0,0,0,0,0,0
Maharashtra,15,10,2009,4,0,4,1,muttemwar vilasrao baburaoji,1,INC,315148,GEN,755369,1738920,nagpur,GEN,NA,27,43.44,41.72,no,24399,3.23,2.94,GEMH27078,National Party,3482,TRUE,8,INC,3482,NAGPUR,TRUE,TRUE,7,FALSE,TRUE,TRUE,Graduate,Other,NA,NA,NA,Lok Sabha Election (GE),61383,75637,10243,62641,75356.5,10594.5,60388.5,78845.5,9691.5,63712,75907,10756,94838,80821,16405,3255559,4034016,4617619,3644787.5,3878324.6,4209096.9,4500898.4,4854403.666666672,3.229999999999997,3644787.5,0.39779724494460034,0.42212242800644617,0.06272792598580068,7,0,0,0,1,0,0,0,0,0,0,0,0,0,0,0,0,0,0,1,0,0,0,0,0,0,0,0,0,0,0,0,0,0
Andhra_Pradesh,15,13,2009,4,0,4,1,gutha sukender reddy,1,INC,493849,GEN,1078698,1455016,nalgonda,GEN,NA,14,74.14,45.78,no,152982,14.18,3.03,GEAP818342,National Party,3482,TRUE,2,TDP,8300,NALGONDA,TRUE,FALSE,2,TRUE,FALSE,FALSE,12th Pass,Other,NA,NA,NA,Lok Sabha Election (GE),75403,94629,6487,80742.5,99638.5,6959,78399.5,106781.5,6475.5,109454,130112,9050,153415,133409,12787,2757473,3121932,3331266,2939702.5,3049040.2,3184732.2,3289399.2,3443189.1166666597,14.18,2939702.5,0.337642298055739,0.3456642721171974,0.025023979466761048,6,0,0,0,1,1,0,0,0,0,0,0,0,0,0,0,0,0,0,0,0,0,0,0,0,0,0,0,0,0,0,0,0,0
Maharashtra,15,1,2009,4,0,4,1,gavit manikrao hodlya,1,INC,275936,ST,766240,1455543,nandurbar,ST,NA,7,52.64,36.01,no,40843,5.33,3.45,GEMH82848,National Party,3482,TRUE,9,INC,3482,NANDURBAR,TRUE,TRUE,9,FALSE,TRUE,TRUE,5th Pass,Other,NA,NA,NA,Lok Sabha Election (GE),23327,29359,4172,23580,28936.5,4427,18781.5,27311.5,3439.5,19112,26598,3553,22971,29074,4841,1050015,1285489,1616673,1167752,1238394.2,1384844.2,1550436.2,1685720.0333333313,5.329999999999998,1167752,0.1839161407755867,0.30932899391866897,0.08900827901316077,3,0,0,0,1,0,0,0,0,0,0,0,0,0,0,0,0,0,0,1,0,0,0,0,0,0,0,0,0,0,0,0,0,0
Maharashtra,15,21,2009,4,0,4,1,sameer  bhujbal,1,NCP,238706,GEN,656892,1448414,nashik,GEN,NA,12,45.35,36.34,no,22032,3.35,3.33,GEMH7281,State-based Party,5792,TRUE,1,NA,NA,NA,NA,NA,1,FALSE,FALSE,FALSE,10th Pass,Other,NA,NA,NA,Lok Sabha Election (GE),114212,143167,12307,120389.5,145680,13218.5,100176,134295.5,10606,87176,108154,9848,123401,116520,14088,3832516,4915173,6013994,4373844.5,4698641.6,5244819.3,5794229.8,6338521.700000018,3.3600000000000065,4373844.5,0.3475101514915817,0.3580549823117529,0.0745067947080642,5,0,0,0,1,0,0,0,0,0,0,0,0,0,0,0,0,0,0,1,0,0,0,0,0,0,0,0,1,0,1,0,0,1
Andhra_Pradesh,15,4,2009,4,0,4,1,madhu yaskhi goud,1,INC,296504,GEN,889511,1333271,nizamabad,GEN,NA,12,66.72,33.33,no,60390,6.79,4.35,GEAP292,National Party,3482,TRUE,2,INC,3482,NIZAMABAD,TRUE,TRUE,2,FALSE,TRUE,TRUE,Post Graduate,Other,NA,NA,NA,Lok Sabha Election (GE),55596,70298,6625,58724,72346.5,7083.5,57213.5,76059.5,6646,72411,86025,8589,90619,78593,10494,1966015,2266249,2463715,2116132,2206202.2,2325488.8,2424221.8,2555498,6.789999999999999,2116132,0.22430568253394156,0.2003213504804311,-0.09035531473850256,9,0,0,0,1,1,0,0,0,0,0,0,0,0,0,0,0,0,0,0,0,0,0,0,0,0,0,0,0,0,0,0,0,0
Maharashtra,15,40,2009,4,0,4,1,patil padamsinha bajirao,1,NCP,408840,GEN,924547,1608852,osmanabad,GEN,NA,25,57.47,44.22,no,6787,0.73,2.56,AEMH110574,State-based Party,5792,TRUE,2,ICS,3372,LATUR,FALSE,FALSE,1,TRUE,FALSE,FALSE,Graduate Professional,Other,NA,NA,NA,Lok Sabha Election (GE),40678,50955,3783,42217,52205.5,3958,34345.5,48623.5,3275.5,34628,44455,3697,49857,49824,4977,1274124,1469739,1651444,1371931.5,1430616,1524250.5,1615103,1710360.3333333358,0.7299999999999969,1371931.5,0.36449630445996917,0.2973056199219215,0.1140193540784864,8,0,0,0,1,0,0,0,0,0,0,0,0,0,0,0,0,0,0,1,0,0,0,0,0,0,0,0,0,0,0,0,0,0
Rajasthan,15,15,2009,4,0,4,1,badri ram jakhar,1,INC,387604,GEN,722870,1682713,pali,GEN,NA,14,42.96,53.62,no,196717,27.21,2.63,GERJ76629,National Party,3482,TRUE,2,INC,3482,JODHPUR,FALSE,TRUE,1,FALSE,FALSE,TRUE,Literate,Other,NA,NA,NA,Lok Sabha Election (GE),42356,53002,4143,42475,52978.5,4206.5,40777.5,60049.5,3700,38670,55228,4116,46798,61591,5334,1480094,1801404,2012718,1640749,1737142,1864798.2,1970455.2,2110944.2666666657,27.209999999999997,1640749,0.19077636134849385,0.2592196077880189,0.10904568491524991,2,0,0,0,1,0,0,0,0,0,0,0,0,0,0,0,0,0,0,0,0,0,0,1,0,0,0,0,1,1,1,0,0,1
Maharashtra,15,17,2009,4,0,4,1,adv. dudhgaonkar ganeshrao nagorao,1,SHS,385387,GEN,870726,1610088,parbhani,GEN,NA,19,54.08,44.26,no,65418,7.51,2.86,GEMH57719,State-based Party,18691,TRUE,2,IND,10809,PARBHANI,TRUE,FALSE,1,FALSE,FALSE,FALSE,Graduate Professional,Other,NA,NA,NA,Lok Sabha Election (GE),32125,40172,4014,34056,41622,4137.5,29471,40933.5,3603.5,30796,38835,3844,44816,43485,5610,1289441,1514117,1815762,1401779,1469181.8,1604610.5,1755433,1881881.9833333343,7.509999999999998,1401779,0.3751804071019489,0.3780372284265585,0.11309414917011829,8,0,0,0,1,0,0,0,0,0,0,0,0,0,0,0,0,0,0,1,0,0,0,0,0,0,0,0,0,0,0,0,0,0
Gujarat,15,3,2009,4,0,4,1,jagdish thakor,1,INC,283778,GEN,633187,1417623,patan,GEN,NA,16,44.67,44.82,no,18504,2.92,2.63,AEGJ10894,National Party,3482,TRUE,1,NA,NA,NA,NA,NA,1,FALSE,FALSE,FALSE,10th Pass,Other,NA,NA,NA,Lok Sabha Election (GE),18054,22621,2338,22003.5,27490.5,2611,18344,26996,2123.5,18582,26266,2445,24238,30171,3371,1030130,1176932,1336408,1103531,1147571.6,1224774.8,1304512.8,1380237.3666666672,2.9200000000000017,1103531,0.265728279327174,0.3211643133250872,0.1386058709674849,5,0,0,0,1,0,0,0,0,0,0,1,0,0,0,0,0,0,0,0,0,0,0,0,0,0,0,0,0,1,1,0,0,1
Tamil_Nadu,15,25,2009,4,0,4,1,"napoleon,d.",1,DMK,398742,GEN,832216,1049033,perambalur,GEN,NA,21,79.33,47.91,no,77604,9.32,2.56,GETN9974,State-based Party,10192,TRUE,1,NA,NA,NA,NA,NA,1,FALSE,FALSE,FALSE,Graduate,Other,NA,NA,NA,Lok Sabha Election (GE),7898,9838,760,9274,11417.5,867,8577,11576,807,11702,13842,1149,14773,13070,1460,402640,439267,500463,420953.5,431941.6,457625.8,488223.8,511041.61666666716,9.319999999999993,420953.5,0.233041422973427,0.23954443685362659,-0.05738792078354038,7,0,0,0,1,0,0,0,0,0,0,0,0,0,0,0,0,0,0,0,0,0,0,0,1,0,0,0,0,0,0,0,0,0
Gujarat,15,11,2009,4,0,4,1,radadiya vitthalbhai hansrajbhai,1,INC,329436,GEN,660653,1385818,porbandar,GEN,NA,7,47.67,49.87,no,39503,5.98,2.27,AEGJ5155,National Party,3482,FALSE,4,INC,3482,PORBANDAR,TRUE,TRUE,1,FALSE,FALSE,TRUE,Graduate,Other,NA,NA,NA,Lok Sabha Election (GE),16764,21038,1317,19530.5,23741,1560,14908,20124,1153,15935,19292,1230,19066,17863,1529,449428,519170,585186,484299,505221.6,538974.8,571982.8,606170.7000000011,5.979999999999997,484299,0.17938869620208564,0.2175997575625992,-0.07695896773997823,7,0,0,0,1,0,0,0,0,0,0,1,0,0,0,0,0,0,0,0,0,0,0,0,0,0,0,0,0,0,0,0,0,0
Maharashtra,15,34,2009,4,0,4,1,kalmadi suresh,1,INC,279973,GEN,734641,1806953,pune,GEN,NA,36,40.66,38.11,no,25701,3.5,3.45,GEMH57972,National Party,3482,TRUE,4,INC,3482,PUNE,TRUE,TRUE,3,FALSE,TRUE,TRUE,Post Graduate,Other,NA,NA,NA,Lok Sabha Election (GE),136778,169332,14026,157121.5,187868,16375.5,138475,178965.5,14094,169835,195933,17907,245181,197958,25780,5126017,7138494,9055431,6132255.5,6735998.6,7713575.1,8672043.6,9660766.433333278,3.5,6132255.5,0.36716933580542843,0.3644072996564187,0.010282122925199033,9,0,0,0,1,0,0,0,0,0,0,0,0,0,0,0,0,0,0,1,0,0,0,0,0,0,0,0,0,0,0,0,0,0
Odisha,15,17,2009,4,0,4,1,pinaki misra,1,BJD,436961,GEN,910151,1322817,puri,GEN,NA,7,68.8,48.01,no,211305,23.22,2.94,GEOD58203,State-based Party,9079,TRUE,4,INC,3482,PURI,TRUE,FALSE,2,TRUE,FALSE,TRUE,Graduate,Other,NA,NA,NA,Lok Sabha Election (GE),8678,10991,3377,7127,8442.5,2619,10711.5,15299,4321.5,10284,13855,4080,18526,18408,7429,1184222,1365141,1542910,1274681.5,1328957.2,1418471.7,1507356.2,1597238.1999999955,23.22,1274681.5,0.5885858614281929,0.5992942717535996,0.2841391744181241,7,0,0,0,1,0,0,0,0,0,0,0,0,0,0,0,0,0,0,0,1,0,0,0,0,0,0,0,0,0,0,0,0,0
Uttar_Pradesh,15,36,2009,4,0,4,1,sonia gandhi,0,INC,481490,GEN,666648,1379507,rae bareli,GEN,AVADH,16,48.33,72.23,no,372165,55.83,1.82,GEKA16390,National Party,3482,TRUE,4,INC,3482,RAEBAREILLY,FALSE,TRUE,5,FALSE,TRUE,TRUE,Others,Other,NA,NA,NA,Lok Sabha Election (GE),18876,23707,6708,10167,12720.5,3796.5,9083,14566.5,3214.5,9836,15987,3464,20098,24659,6557,2261548,2813457,3336996,2537502.5,2703075.2,2970518.7,3232288.2,3503041.5333333313,55.830000000000005,2537502.5,0.7145711832728203,0.638109190581293,0.43336605343080237,NA,0,0,0,1,0,0,0,0,0,0,0,0,0,0,0,0,0,0,0,0,0,0,0,0,1,0,0,0,0,0,0,0,0
Karnataka,15,6,2009,4,0,4,1,pakkirappa.s.,1,BJP,316450,ST,682264,1486326,raichur,ST,NA,8,45.9,46.38,no,30636,4.49,2.5,GEKA16613,National Party,1605,TRUE,1,NA,NA,NA,NA,NA,1,FALSE,FALSE,FALSE,5th Pass,Other,NA,NA,NA,Lok Sabha Election (GE),29403,36906,3481,32964.5,41439.5,3784.5,31542.5,44882,3554.5,40343,50847,4586,53415,53410,5967,1331054,1640228,1894188,1485641,1578393.2,1716416,1843396,1987860.4333333373,4.490000000000002,1485641,0.28067370776385836,0.2632361041042319,0.04917687064765097,3,0,0,0,1,0,0,0,0,0,0,0,0,0,0,1,0,0,0,0,0,0,0,0,0,0,0,0,0,0,0,0,0,0
Chhattisgarh,15,2,2009,4,0,4,1,vishnu deo sai,1,BJP,443948,ST,935746,1432746,raigarh,ST,NA,10,65.31,47.44,no,55848,5.97,2.5,AEMP19631,National Party,1605,TRUE,3,BJP,1605,RAIGARH,TRUE,TRUE,3,FALSE,TRUE,TRUE,10th Pass,Other,NA,NA,NA,Lok Sabha Election (GE),71068,89438,20706,76596,93004.5,21944,74101,100801.5,20920,93558,112971,26607,145466,125108,40576,2827747,3398416,4042012,3113081.5,3284282.2,3591494.8,3913292.8,4211997.25,5.969999999999999,3113081.5,0.4413608174980812,0.4220024197523369,0.10204621566190752,5,0,0,0,1,0,0,0,0,1,0,0,0,0,0,0,0,0,0,0,0,0,0,0,0,0,0,0,0,0,0,0,0,0
Chhattisgarh,15,8,2009,4,0,4,1,ramesh bais,1,BJP,364943,GEN,741861,1578868,raipur,GEN,NA,32,46.99,49.19,no,57901,7.8,2.44,AEMP7232,National Party,1605,TRUE,8,BJP,1605,RAIPUR,TRUE,TRUE,6,FALSE,TRUE,TRUE,NA,NA,NA,NA,NA,Lok Sabha Election (GE),34477,43305,7013,26883.5,31984.5,5442,38989,54855.5,7655.5,56929,70368,11164,99560,87737,19155,1958344,2171709,2991567,2065026.5,2129036,2417666.4,2827595.4,3045468.2833333313,7.799999999999997,2065026.5,0.5589556001219069,0.5398694624785367,0.2206050888504567,NA,0,0,0,1,0,0,0,0,1,0,0,0,0,0,0,0,0,0,0,0,0,0,0,0,0,0,0,0,0,0,0,0,0
Gujarat,15,10,2009,4,0,4,1,kuvarjibhai mohanbhai bavalia,1,INC,307553,GEN,649606,1455072,rajkot,GEN,NA,27,44.64,47.34,no,24735,3.81,2.44,AEGJ101142,National Party,3482,TRUE,1,NA,NA,NA,NA,NA,1,FALSE,FALSE,FALSE,Graduate,Other,NA,NA,NA,Lok Sabha Election (GE),83331,103942,6367,96858.5,117507.5,7588.5,75378.5,100599.5,5661,84161,100332,6679,113106,100476,9064,2497488,3154707,3803502,2826097.5,3023263.2,3349345.5,3673743,4000808.100000009,3.8000000000000043,2826097.5,0.2955938010647454,0.30534224798220677,0.001434206054373277,7,0,0,0,1,0,0,0,0,0,0,1,0,0,0,0,0,0,0,0,0,0,0,0,0,0,0,0,0,0,0,0,0,0
Tamil_Nadu,15,35,2009,4,0,4,1,sivakumar @ j.k. ritheesh. k,1,DMK,294945,GEN,777839,1133391,ramanathapuram,GEN,NA,15,68.63,37.92,no,69915,8.99,4,GETN10968,State-based Party,10192,TRUE,1,NA,NA,NA,NA,NA,1,FALSE,FALSE,FALSE,Graduate,Other,NA,NA,NA,Lok Sabha Election (GE),11587,14491,1578,16590,20971,1940.5,19457,26877.5,1917.5,22648,27676,2341,26210,25707,2788,863522,1113720,1264782,988621,1063680.4,1159038.6,1234569.6,1341493.6666666642,8.990000000000002,988621,0.14606946952571676,0.17474630438950456,-0.07380228328147354,7,0,0,0,1,0,0,0,0,0,0,0,0,0,0,0,0,0,0,0,0,0,0,0,1,0,0,0,0,0,0,0,0,0
Uttar_Pradesh,15,7,2009,4,0,4,1,jaya prada nahata,0,SP,230724,GEN,606177,1154544,rampur,GEN,RUHELKHAND,16,52.5,38.06,no,30931,5.1,3.57,GEUP77316,State-based Party,7425,TRUE,2,SP,7425,RAMPUR,TRUE,TRUE,2,FALSE,TRUE,TRUE,12th Pass,Other,NA,NA,NA,Lok Sabha Election (GE),15964,19976,5521,10044,12233,3311,9132,12958,2927,10655,14096,3441,22048,20313,7565,1460141,1878771,2274922,1669456,1795045,1997616.3,2195691.8,2400885.649999991,5.100000000000001,1669456,0.727192629280669,0.7877702204249761,0.3653700059777929,6,0,0,0,1,0,0,0,0,0,0,0,0,0,0,0,0,0,0,0,0,0,0,0,0,1,0,0,0,0,0,0,0,0
Jharkhand,15,8,2009,4,0,4,1,subodh kant sahay,1,INC,310499,GEN,724106,1625148,ranchi,GEN,NA,26,44.56,42.88,no,13350,1.84,2.86,GEBR30232,National Party,3482,TRUE,5,INC,3482,RANCHI,TRUE,TRUE,3,FALSE,TRUE,TRUE,Graduate,Other,NA,NA,NA,Lok Sabha Election (GE),12031,15065,2070,11662,14021,2068.5,15257.5,21932.5,2714.5,22203,29513,4181,29223,31531,5972,1781131,2293516,2847183,2037323.5,2191039,2459616.1,2736449.6,3000210.4666666687,1.8400000000000034,2037323.5,0.27472865557348847,0.3565314273025155,0.0661403446383737,7,0,0,0,1,0,0,0,0,0,0,0,0,0,1,0,0,0,0,0,0,0,0,0,0,0,0,0,0,0,0,0,0,0
Uttar_Pradesh,15,1,2009,4,0,4,1,jagdish singh rana,1,BSP,354807,GEN,821122,1298132,saharanpur,GEN,WEST,15,63.25,43.21,no,84873,10.34,3.12,AEUP118609,State-based Party,16651,TRUE,1,NA,NA,NA,NA,NA,1,FALSE,FALSE,FALSE,Graduate,Other,NA,NA,NA,Lok Sabha Election (GE),20423,25418,6014,12726,15829.5,3518.5,22148.5,29678,6024,27536,32568,7842,24429,23987,7046,2206547,2754916,3397098,2480731.5,2645242.2,2947570.6,3268661.6,3560045.149999991,10.340000000000003,2480731.5,-0.11972328831607904,-0.10703382395109351,-0.305818194273785,7,0,0,0,1,0,0,0,0,0,0,0,0,0,0,0,0,0,0,0,0,0,0,0,0,1,0,0,0,1,1,0,0,1
Tamil_Nadu,15,15,2009,4,0,4,1,semmalai s,1,ADMK,380460,GEN,895554,1171839,salem,GEN,NA,23,76.42,42.48,no,46491,5.19,2.94,GETN271133,State-based Party,930,TRUE,1,NA,NA,NA,NA,NA,1,FALSE,FALSE,FALSE,Graduate Professional,Other,NA,NA,NA,Lok Sabha Election (GE),35838,45311,5377,44741,54738.5,6643.5,39191,51345,5852.5,55032,63406,8444,62822,51150,9663,1733814,2048826,2357248,1891320,1985823.6,2141352.6,2295563.6,2451861.4333333373,5.189999999999998,1891320,0.13239049637458855,0.13484802903109738,-0.214796001791699,8,0,0,0,1,0,0,0,0,0,0,0,0,0,0,0,0,0,0,0,0,0,0,0,1,0,0,0,0,0,0,0,0,0
Bihar,15,23,2009,4,0,4,1,maheshwar hazari,1,JD(U),259458,SC,584743,1312948,samastipur,SC,NA,11,44.54,44.37,no,104376,17.85,3.45,GEBR80352,State-based Party,11002,TRUE,1,NA,NA,NA,NA,NA,1,FALSE,FALSE,FALSE,Post Graduate,Other,NA,NA,NA,Lok Sabha Election (GE),3985,5035,1743,2906,3628.5,1353.5,3818,6567.5,1569,3449,6932,1482,13617,15356,4920,2571030,3192519,4000210,2881774.5,3068221.2,3434826.3,3838671.8,4183553.3333333433,17.849999999999998,2881774.5,1.3732346781877336,1.1999160036303218,0.7953579052851918,9,0,0,0,1,0,0,1,0,0,0,0,0,0,0,0,0,0,0,0,0,0,0,0,0,0,0,0,0,1,1,0,0,1
Maharashtra,15,44,2009,4,0,4,1,pratik prakashbapu patil,1,INC,378620,GEN,776830,1490571,sangli,GEN,NA,14,52.12,48.74,no,39783,5.12,2.33,GEMH82786,National Party,3482,TRUE,2,INC,3482,SANGLI,TRUE,TRUE,2,FALSE,TRUE,TRUE,Others,Other,NA,NA,NA,Lok Sabha Election (GE),54371,68468,5127,63489,77830,5883.5,46304.5,63507,4280.5,48405,60702,5143,83694,74307,7476,2067903,2566550,2809686,2317226.5,2466820.6,2639490.8,2761058.8,2963538.6166666746,5.1200000000000045,2317226.5,0.5475641761661194,0.3740613228005376,0.20222851348558635,NA,0,0,0,1,0,0,0,0,0,0,0,0,0,0,0,0,0,0,1,0,0,0,0,0,0,0,0,0,0,0,0,0,0
Maharashtra,15,45,2009,4,0,4,1,bhonsle shrimant chh. udyanraje pratapsinhmaharaj,1,NCP,532583,GEN,816646,1546146,satara,GEN,NA,5,52.82,65.22,no,297515,36.43,1.96,AEMH96605,State-based Party,5792,TRUE,1,NA,NA,NA,NA,NA,1,FALSE,FALSE,FALSE,Others,Other,NA,NA,NA,Lok Sabha Election (GE),63417,79853,9832,70393.5,86448.5,11036,51387,71142.5,7980,57801,72360,10259,92430,84524,14445,2406578,2662282,2862220,2534430,2611141.2,2722263.4,2822232.4,2939860.6333333403,36.44,2534430,0.46944552470995404,0.3421929648126234,0.155381857177586,NA,0,0,0,1,0,0,0,0,0,0,0,0,0,0,0,0,0,0,1,0,0,0,0,0,0,0,0,0,0,0,0,0,0
Karnataka,15,14,2009,4,0,4,1,b.y. raghavendra,1,BJP,482783,GEN,954407,1435908,shimoga,GEN,NA,12,66.47,50.58,no,52893,5.54,2.17,AEKA51,National Party,1605,TRUE,1,NA,NA,NA,NA,NA,1,FALSE,FALSE,FALSE,Graduate Professional,Other,NA,NA,NA,Lok Sabha Election (GE),16730,21025,3516,17333.5,21363.5,3699,20740,30672,4092,24209,34255,5155,33449,39872,7023,1404668,1626675,1734395,1515671.5,1582273.6,1658991,1712851,1802901.8833333328,5.539999999999999,1515671.5,0.3232974259100292,0.30922335970796055,0.15184178371012536,8,0,0,0,1,0,0,0,0,0,0,0,0,0,0,1,0,0,0,0,0,0,0,0,0,0,0,0,0,0,0,0,0,0
Rajasthan,15,5,2009,4,0,4,1,mahadev singh,1,INC,324812,GEN,725265,1507740,sikar,GEN,NA,16,48.1,44.79,no,149426,20.6,3.23,AERJ5536,National Party,3482,TRUE,1,NA,NA,NA,NA,NA,1,FALSE,FALSE,FALSE,Post Graduate,Other,NA,NA,NA,Lok Sabha Election (GE),59755,75316,6759,55255,68080,6224,55495,74525,6128,83388,98376,9150,113124,95671,12366,1806619,2201774,2578315,2004196.5,2122743,2314736.3,2503006.8,2697171.7333333194,20.61,2004196.5,0.3049801480818246,0.3011968918489458,-0.02788164963722828,9,0,0,0,1,0,0,0,0,0,0,0,0,0,0,0,0,0,0,0,0,0,0,1,0,0,0,0,1,0,1,0,0,1
Haryana,15,3,2009,4,0,4,1,ashok tanwar,1,INC,415584,SC,981239,1309507,sirsa,SC,NA,15,74.93,42.35,no,35499,3.62,2.94,GEHR3396,National Party,3482,TRUE,1,NA,NA,NA,NA,NA,1,FALSE,FALSE,FALSE,Post Graduate,Other,NA,NA,NA,Lok Sabha Election (GE),44222,55838,3493,35985.5,44415,3015,42344.5,55695,3324.5,61085,71341,4720,76192,62863,6012,892650,1090076,1258399,991363,1050590.8,1140572.9,1224734.4,1318111.8500000015,3.6099999999999994,991363,0.22099013344842788,0.24194867229326356,-0.12651344188003755,9,0,0,0,1,0,0,0,0,0,0,0,1,0,0,0,0,0,0,0,0,0,0,0,0,0,0,0,1,1,1,0,0,1
Tamil_Nadu,15,31,2009,4,0,4,1,chidambaram  p,1,INC,334348,GEN,775253,1092438,sivaganga,GEN,NA,20,70.97,43.13,no,3354,0.43,2.63,GETN270620,National Party,3482,TRUE,8,INC,3482,SIVAGANGA,TRUE,TRUE,7,FALSE,TRUE,TRUE,Post Graduate,Other,NA,NA,NA,Lok Sabha Election (GE),18287,22904,2697,24406.5,30129,3238.5,23029,31022,2924.5,29196,34605,3749,35444,31845,4544,971938,1082664,1242225,1027301,1060518.8,1130532.3,1210312.8,1274628.8833333328,0.44000000000000483,1027301,0.19392227259567107,0.19231854366507406,-0.08311779647049633,9,0,0,0,1,0,0,0,0,0,0,0,0,0,0,0,0,0,0,0,0,0,0,0,1,0,0,0,0,0,0,0,0,0
Bihar,15,18,2009,4,0,4,1,om prakash yadav,1,IND,236194,GEN,641910,1282480,siwan,GEN,NA,15,50.05,36.8,no,63430,9.88,4.55,GEBR74914,Independents,10809,TRUE,2,JD(U),11002,SIWAN,TRUE,FALSE,1,FALSE,FALSE,TRUE,Graduate,Other,NA,NA,NA,Lok Sabha Election (GE),2143,2725,1066,1448,1856.5,697,2003.5,3997.5,970,1503,4353,704,8110,10731,3866,2013231,2518033,3093988,2265632,2417072.6,2690819.5,2978797,3244242.7166666687,9.889999999999997,2265632,1.6856347573564836,1.7031973036102341,0.9022714863748291,7,0,0,0,1,0,0,1,0,0,0,0,0,0,0,0,0,0,0,0,0,0,0,0,0,0,0,0,0,0,0,0,0,0
Andhra_Pradesh,15,19,2009,4,0,4,1,killi krupa rani,0,INC,387694,GEN,918772,1226125,srikakulam,GEN,NA,6,74.93,42.2,no,82987,9.03,3.03,GEAP818345,National Party,3482,TRUE,2,INC,3482,SRIKAKULAM,TRUE,TRUE,1,FALSE,FALSE,TRUE,Graduate Professional,Other,NA,NA,NA,Lok Sabha Election (GE),28207,35226,7427,27300,33225,7191.5,26506,36532.5,6869,29982,37011,8152,36814,36189,9774,2228559,2460648,2626788,2344603.5,2414230.2,2510490,2593560,2697513.8500000015,9.040000000000006,2344603.5,0.20528100602040666,0.1814625029275394,-0.022459960506081345,8,0,0,0,1,1,0,0,0,0,0,0,0,0,0,0,0,0,0,0,0,0,0,0,0,0,0,0,0,0,0,0,0,0
Odisha,15,2,2009,4,0,4,1,hemanand biswal,1,INC,280054,ST,766742,1248955,sundargarh,ST,NA,9,61.39,36.53,no,11624,1.52,3.7,GEOD70941,National Party,3482,TRUE,2,INC,3482,DEOGARH,FALSE,TRUE,1,FALSE,FALSE,FALSE,12th Pass,Other,NA,NA,NA,Lok Sabha Election (GE),18012,22047,3733,15005.5,17638,3272.5,17637.5,26225,3796,24968,34716,5524,32372,38487,7449,1552666,1798206,2058768,1675436,1749098,1876374.6,2006655.6,2132179.6333333403,1.5200000000000031,1675436,0.25969884666497656,0.2989775596470938,0.10311984615331404,6,0,0,0,1,0,0,0,0,0,0,0,0,0,0,0,0,0,0,0,1,0,0,0,0,0,0,0,0,0,0,0,0,0
Gujarat,15,9,2009,4,0,4,1,koli patel somabhai gandalal,1,INC,247710,GEN,586317,1475820,surendranagar,GEN,NA,20,39.73,42.25,no,4831,0.82,2.86,GEGJ37222,National Party,3482,TRUE,6,BJP,1605,SURENDRANAGAR,TRUE,FALSE,4,TRUE,TRUE,TRUE,5th Pass,Other,NA,NA,NA,Lok Sabha Election (GE),44807,56166,3480,56572,69700.5,4042.5,49842.5,69558.5,3322,49060,62873,3608,61490,64919,4753,1203088,1497932,1738543,1350510,1438963.2,1570115.3,1690420.8,1827900.0833333358,0.8299999999999983,1350510,0.22583052113503577,0.2756223954314958,0.03202352018527321,3,0,0,0,1,0,0,0,0,0,0,1,0,0,0,0,0,0,0,0,0,0,0,0,0,0,0,0,0,0,0,0,0,0
Tamil_Nadu,15,30,2009,4,0,4,1,palanimanickam.s.s,1,DMK,408343,GEN,807776,1054118,thanjavur,GEN,NA,13,76.63,50.55,no,101787,12.6,2.44,GETN33124,State-based Party,10192,TRUE,8,DMK,10192,THANJAVUR,TRUE,TRUE,5,FALSE,TRUE,TRUE,Graduate Professional,Other,NA,NA,NA,Lok Sabha Election (GE),25906,32677,5352,30539,37218,6504,31185,40852,6627,38031,44538,7927,40482,34014,8359,1786554,1916028,2055881,1851291,1890133.2,1957983.9,2027910.4,2094550.2166666687,12.599999999999994,1851291,0.06245581424864355,0.05306414886199917,-0.26957055279324393,8,0,0,0,1,0,0,0,0,0,0,0,0,0,0,0,0,0,0,0,0,0,0,0,1,0,0,0,0,0,0,0,0,0
Tamil_Nadu,15,24,2009,4,0,4,1,kumar.p,1,ADMK,298710,GEN,718207,1067193,tiruchirappalli,GEN,NA,24,67.3,41.59,no,4335,0.6,2.86,GETN10685,State-based Party,930,TRUE,1,NA,NA,NA,NA,NA,1,FALSE,FALSE,FALSE,Graduate Professional,Other,NA,NA,NA,Lok Sabha Election (GE),31705,39469,3518,37010.5,44872.5,4101,34296.5,44625.5,3723,44439,51428,4897,52813,43742,5887,2010732,2324345,2608991,2167538.5,2261622.4,2409738.8,2552061.8,2703557.6833333373,0.6000000000000014,2167538.5,0.17263991026017322,0.18412375732594377,-0.16187403228164143,8,0,0,0,1,0,0,0,0,0,0,0,0,0,0,0,0,0,0,0,0,0,0,0,1,0,0,0,0,0,0,0,0,0
Tamil_Nadu,15,38,2009,4,0,4,1,ramasubbu s,1,INC,274932,GEN,700788,1059687,tirunelveli,GEN,NA,21,66.13,39.23,no,21303,3.04,3.33,AETN207575,National Party,3482,TRUE,1,NA,NA,NA,NA,NA,1,FALSE,FALSE,FALSE,Post Graduate,Other,NA,NA,NA,Lok Sabha Election (GE),34940,43952,3563,42372,51691,4249.5,39137,51577,3912.5,53523,62165,5393,65283,54181,6613,1821886,2252431,2567554,2037158.5,2166322,2346967.9,2504529.4,2698641.200000003,3.039999999999999,2037158.5,0.1986201974215902,0.20393559233743552,-0.1374618469230775,9,0,0,0,1,0,0,0,0,0,0,0,0,0,0,0,0,0,0,0,0,0,0,0,1,0,0,0,0,0,0,0,0,0
Karnataka,15,19,2009,4,0,4,1,g.s. basavaraj,1,BJP,331064,GEN,899784,1388773,tumkur,GEN,NA,10,64.79,36.79,no,21445,2.38,3.33,AEKA8028,National Party,1605,TRUE,6,INC,3482,TUMKUR,TRUE,FALSE,4,TRUE,FALSE,TRUE,Graduate Professional,Other,NA,NA,NA,Lok Sabha Election (GE),50486,62766,12434,52321,64712.5,12805,53609,73140.5,12521,62921,76090,15348,86887,79445,21043,2252747,2554862,2647414,2403804.5,2494439,2582627.6,2628903.6,2741541.2166666687,2.3800000000000026,2403804.5,0.3227284525808649,0.3155827908717814,0.04314810815189851,8,0,0,0,1,0,0,0,0,0,0,0,0,0,0,1,0,0,0,0,0,0,0,0,0,0,0,0,0,0,0,0,0,0
Rajasthan,15,19,2009,4,0,4,1,raghuvir singh meena,1,INC,411510,ST,758240,1564137,udaipur,ST,NA,8,48.48,54.27,no,164925,21.75,2.5,GERJ9484,National Party,3482,TRUE,1,NA,NA,NA,NA,NA,1,FALSE,FALSE,FALSE,Graduate,Other,NA,NA,NA,Lok Sabha Election (GE),29699,36827,5536,29740.5,36418,5760.5,31088,46114.5,5731,39675,55221,7409,55515,64499,10533,1959893,2382365,2941516,2171129,2297870.6,2550110.3,2829685.8,3065979.6166666746,21.75,2171129,0.3359319880937566,0.351817708419885,0.15530640408687546,7,0,0,0,1,0,0,0,0,0,0,0,0,0,0,0,0,0,0,0,0,0,0,1,0,0,0,0,0,1,1,0,0,1
Madhya_Pradesh,15,22,2009,4,0,4,1,guddu premchand,1,INC,326905,SC,667553,1253686,ujjain,SC,NA,9,53.25,48.97,no,15841,2.37,2.17,AEMP100606,National Party,3482,TRUE,2,INC,3482,UJJAIN,TRUE,TRUE,1,FALSE,FALSE,TRUE,5th Pass,Other,NA,NA,NA,Lok Sabha Election (GE),50905,64156,7616,45605.5,55561.5,6866,32037,44086.5,4800.5,21333,29613,3826,25851,32379,4737,1381996,1709705,1984730,1545850.5,1644163.2,1792212.5,1929725,2083920.7666666657,2.3699999999999974,1545850.5,0.19209411535624987,0.21358415292355204,0.08929661040745884,3,0,0,0,1,0,0,0,0,0,0,0,0,0,0,0,0,0,1,0,0,0,0,0,0,0,0,0,0,0,0,0,0,0
Bihar,15,16,2009,4,0,4,1,raghuvansh prasad singh,1,RJD,284479,GEN,624859,1278891,vaishali,GEN,NA,12,48.86,45.53,no,22308,3.57,2.56,GEBR100074,State-based Party,12103,TRUE,5,RJD,12103,VAISHALI,TRUE,TRUE,5,FALSE,TRUE,TRUE,Doctorate,Other,NA,NA,NA,Lok Sabha Election (GE),5555,7042,2420,3840,4728.5,1416,4937,7571,2080,5906,8575,2328,13175,13303,5566,1918525,2439464,3124811,2178994.5,2335276.2,2645068.1,2987741.6,3278352.5666666627,3.5700000000000003,2178994.5,0.8023523111056949,0.8716671332345083,0.4391385806497645,10,0,0,0,1,0,0,1,0,0,0,0,0,0,0,0,0,0,0,0,0,0,0,0,0,0,0,0,0,0,0,0,0,0
Uttar_Pradesh,15,77,2009,4,0,4,1,dr. murli manohar joshi,1,BJP,203122,GEN,665490,1561854,varanasi,GEN,EAST,15,42.61,30.52,no,17211,2.59,4.55,GEUP62210,National Party,1605,TRUE,7,BJP,1605,ALLAHABAD,FALSE,TRUE,5,FALSE,FALSE,FALSE,Doctorate,Other,NA,NA,NA,Lok Sabha Election (GE),21647,26430,9217,19625,23205,8234,14980,18935,5681,19971,22534,8165,23108,18752,10038,2281168,2855611,3317144,2568389.5,2740722.4,2994070.9,3224837.4,3491358.7333333194,2.5799999999999983,2568389.5,0.1458976566323429,0.20652116481031335,-0.18372486634737228,10,0,0,0,1,0,0,0,0,0,0,0,0,0,0,0,0,0,0,0,0,0,0,0,0,1,0,0,0,0,0,0,0,0
Tamil_Nadu,15,8,2009,4,0,4,1,abdul rahman,1,DMK,360474,GEN,723529,1010067,vellore,GEN,NA,24,71.63,49.82,no,107393,14.84,2.63,GETN10000,State-based Party,10192,TRUE,1,NA,NA,NA,NA,NA,1,FALSE,FALSE,FALSE,Graduate,Other,NA,NA,NA,Lok Sabha Election (GE),43106,54547,7593,49104,60237.5,8657,44807.5,58877.5,7786,59465,69176,10329,68210,56383,11905,2847145,3317082,3793376,3082113.5,3223094.6,3459970.2,3698117.2,3934251.149999991,14.840000000000003,3082113.5,0.13720327748741923,0.14200300691432943,-0.2044862870294999,7,0,0,0,1,0,0,0,0,0,0,0,0,0,0,0,0,0,0,0,0,0,0,0,1,0,0,0,1,1,1,0,0,1
Andhra_Pradesh,15,21,2009,4,0,4,1,daggubati purandeswari,0,INC,368812,GEN,1012261,1387482,visakhapatnam,GEN,NA,15,72.96,36.43,no,66686,6.59,3.7,GEAP818507,National Party,3482,TRUE,1,NA,NA,NA,NA,NA,1,FALSE,FALSE,FALSE,Graduate,Other,NA,NA,NA,Lok Sabha Election (GE),21125,26509,4236,22597,27365,4629.5,24264,36381,4726.5,39817,53115,8358,48557,55188,9705,2084236,2298911,2459772,2191573.5,2255976,2347169.3,2427599.8,2525071.3999999985,6.579999999999998,2191573.5,0.1984444088283439,0.14942205259525032,0.03828616411380992,7,0,0,0,1,1,0,0,0,0,0,0,0,0,0,0,0,0,0,0,0,0,0,0,0,0,0,0,0,0,0,0,0,0
Andhra_Pradesh,15,15,2009,4,0,4,1,rajaiah siricilla,1,INC,396568,SC,1030525,1486617,warangal,SC,NA,15,69.32,38.48,no,124661,12.1,4,GEAP818456,National Party,3482,TRUE,1,NA,NA,NA,NA,NA,1,FALSE,FALSE,FALSE,Graduate,Other,NA,NA,NA,Lok Sabha Election (GE),56518,70431,5269,59906.5,72847.5,5618.5,55362.5,75788.5,5116,80534,96993,7337,106946,96646,9713,2804598,3244027,3511298,3024312.5,3156141.2,3324208.3,3457843.8,3645996,12.089999999999996,3024312.5,0.28364457867049886,0.28053515468833545,-0.0035839925989549215,7,0,0,0,1,1,0,0,0,0,0,0,0,0,0,0,0,0,0,0,0,0,0,0,0,0,0,0,0,0,0,0,0,0
Maharashtra,15,8,2009,4,0,4,1,datta meghe,1,INC,352853,GEN,769132,1408781,wardha,GEN,NA,16,54.6,45.88,no,95918,12.47,2.86,GEMH45985,National Party,3482,TRUE,5,NCP,5792,WARDHA,TRUE,FALSE,4,TRUE,FALSE,FALSE,Graduate,Other,NA,NA,NA,Lok Sabha Election (GE),23065,28938,4403,23009,28389.5,4508.5,23449,32751,4320.5,17369,24025,3598,35016,34601,6486,1053375,1205611,1268899,1129493,1175163.8,1224597.4,1256241.4,1316052.2666666657,12.470000000000006,1129493,0.7011180918167188,0.5892678723567855,0.36478762852377855,7,0,0,0,1,0,0,0,0,0,0,0,0,0,0,0,0,0,0,1,0,0,0,0,0,0,0,0,0,0,0,0,0,0
